Location,new_start,new_end,X,lon,lat,Pod1,Pod2,Pod3,Group,start_date,end_date,Ortho,Scene,order_id_s_h
choma_A000127,09/02/2017,03/02/2018,22,27.0922,-16.7795,A000127,,,choma,11/01/2017,05/31/2018,0,85,0d688599-b6bb-47d8-a3cd-a6a8d736ec5b
choma_A000127,03/02/2018,07/30/2018,22,27.0922,-16.7795,A000127,,,choma,11/01/2017,05/31/2018,0,85,0d688599-b6bb-47d8-a3cd-a6a8d736ec5b
choma_A000212,09/02/2017,03/02/2018,23,26.9253,-16.8294,A000212,,,choma,11/01/2017,05/31/2018,0,2,97cfdbe9-39d1-41ab-8e6e-3d355b598b85
choma_A000212,03/02/2018,07/30/2018,23,26.9253,-16.8294,A000212,,,choma,11/01/2017,05/31/2018,0,2,97cfdbe9-39d1-41ab-8e6e-3d355b598b85
choma_A000247,09/02/2017,03/02/2018,24,27.1179,-16.7724,A000247,,,choma,11/01/2017,05/31/2018,0,76,95c69caa-67fa-405f-ae2d-0456838c7272
choma_A000247,03/02/2018,07/30/2018,24,27.1179,-16.7724,A000247,,,choma,11/01/2017,05/31/2018,0,76,95c69caa-67fa-405f-ae2d-0456838c7272
choma_A000302,09/02/2017,03/02/2018,25,26.989,-16.8297,A000302,,,choma,11/01/2017,05/31/2018,0,8,93903df1-57e2-4780-aaa6-3972ae8d4204
choma_A000302,03/02/2018,07/30/2018,25,26.989,-16.8297,A000302,,,choma,11/01/2017,05/31/2018,0,8,93903df1-57e2-4780-aaa6-3972ae8d4204
choma_A000308,09/02/2017,03/02/2018,26,26.7025,-16.8123,A000308,,,choma,11/01/2017,05/31/2018,0,0,
choma_A000308,03/02/2018,07/30/2018,26,26.7025,-16.8123,A000308,,,choma,11/01/2017,05/31/2018,0,0,
choma_A000352,09/02/2017,03/02/2018,27,27.3579,-16.6258,A000352,,,choma,11/01/2017,05/31/2018,0,0,
choma_A000352,03/02/2018,07/30/2018,27,27.3579,-16.6258,A000352,,,choma,11/01/2017,05/31/2018,0,0,
choma_A000401,09/02/2017,03/02/2018,28,27.2905,-16.5303,A000401,,,choma,11/01/2017,05/31/2018,0,0,
choma_A000401,03/02/2018,07/30/2018,28,27.2905,-16.5303,A000401,,,choma,11/01/2017,05/31/2018,0,0,
choma_A000407,09/02/2017,03/02/2018,29,26.903,-16.8556,A000407,,,choma,11/01/2017,05/31/2018,0,0,
choma_A000407,03/02/2018,07/30/2018,29,26.903,-16.8556,A000407,,,choma,11/01/2017,05/31/2018,0,0,
choma_A000412,09/02/2017,03/02/2018,30,26.792,-16.4051,A000412,,,choma,11/01/2017,05/31/2018,0,0,
choma_A000412,03/02/2018,07/30/2018,30,26.792,-16.4051,A000412,,,choma,11/01/2017,05/31/2018,0,0,
choma_A000413,09/02/2017,03/02/2018,31,27.4877,-16.6525,A000413,,,choma,11/01/2017,05/31/2018,0,0,
choma_A000413,03/02/2018,07/30/2018,31,27.4877,-16.6525,A000413,,,choma,11/01/2017,05/31/2018,0,0,
choma_A000414,09/02/2017,03/02/2018,32,27.0984,-17.2673,A000414,,,choma,11/01/2017,05/31/2018,0,0,
choma_A000414,03/02/2018,07/30/2018,32,27.0984,-17.2673,A000414,,,choma,11/01/2017,05/31/2018,0,0,
choma_A000421,09/02/2017,03/02/2018,33,26.9649,-16.754,A000421,,,choma,11/01/2017,05/31/2018,0,32,d24c8c01-afb3-403b-8a09-63ec3e39cae7
choma_A000421,03/02/2018,07/30/2018,33,26.9649,-16.754,A000421,,,choma,11/01/2017,05/31/2018,0,32,d24c8c01-afb3-403b-8a09-63ec3e39cae7
choma_A000443,09/02/2017,03/02/2018,34,26.9753,-16.7576,A000443,,,choma,11/01/2017,05/31/2018,0,35,862cebf0-812e-437b-82f1-6e5fd090bc59
choma_A000443,03/02/2018,07/30/2018,34,26.9753,-16.7576,A000443,,,choma,11/01/2017,05/31/2018,0,35,862cebf0-812e-437b-82f1-6e5fd090bc59
choma_A000473,09/02/2017,03/02/2018,35,26.8958,-16.2633,A000473,,,choma,11/01/2017,05/31/2018,0,0,
choma_A000473,03/02/2018,07/30/2018,35,26.8958,-16.2633,A000473,,,choma,11/01/2017,05/31/2018,0,0,
choma_A000493,09/02/2017,03/02/2018,36,27.107,-16.7713,A000493,,,choma,11/01/2017,05/31/2018,0,79,b153c57e-f687-42c6-b550-c2fe326023ae
choma_A000493,03/02/2018,07/30/2018,36,27.107,-16.7713,A000493,,,choma,11/01/2017,05/31/2018,0,79,b153c57e-f687-42c6-b550-c2fe326023ae
Choma_farmer,09/02/2020,03/02/2021,12,27.06964,-16.79983,A000301,,,Zam_20_21,11/01/2020,05/31/2021,103,140,365ec77d-7d82-4801-b6ee-e189a17931db
Choma_farmer,03/02/2021,07/30/2021,12,27.06964,-16.79983,A000301,,,Zam_20_21,11/01/2020,05/31/2021,103,140,365ec77d-7d82-4801-b6ee-e189a17931db
Choma_plot_5,09/02/2020,03/02/2021,10,27.06236,-16.83154,A000784,A000228,,Zam_20_21,11/01/2020,05/31/2021,101,149,6becffee-9664-4b4c-b57b-636524b94d8b
Choma_plot_5,03/02/2021,07/30/2021,10,27.06236,-16.83154,A000784,A000228,,Zam_20_21,11/01/2020,05/31/2021,101,149,6becffee-9664-4b4c-b57b-636524b94d8b
Choma_plot_9,09/02/2020,03/02/2021,11,27.06235,-16.83133,A000708,A000721,,Zam_20_21,11/01/2020,05/31/2021,101,150,90855fcd-2f63-4043-b846-d821292f3b35
Choma_plot_9,03/02/2021,07/30/2021,11,27.06235,-16.83133,A000708,A000721,,Zam_20_21,11/01/2020,05/31/2021,101,150,90855fcd-2f63-4043-b846-d821292f3b35
Kabwe_farmer,09/02/2020,03/02/2021,6,28.5067,-14.38201,A000709,A000408,,Zam_20_21,11/01/2020,05/31/2021,107,154,005bd9e0-7100-47bf-b587-ca259e831405
Kabwe_farmer,03/02/2021,07/30/2021,6,28.5067,-14.38201,A000709,A000408,,Zam_20_21,11/01/2020,05/31/2021,107,154,005bd9e0-7100-47bf-b587-ca259e831405
Kabwe_plot_3,09/02/2020,03/02/2021,4,28.49434,-14.39483,A000778,A000292,,Zam_20_21,11/01/2020,05/31/2021,113,166,2b9d3eda-604c-4bbe-9ade-59eabc4b8088
Kabwe_plot_3,03/02/2021,07/30/2021,4,28.49434,-14.39483,A000778,A000292,,Zam_20_21,11/01/2020,05/31/2021,113,166,2b9d3eda-604c-4bbe-9ade-59eabc4b8088
Kabwe_plot_5,09/02/2020,03/02/2021,5,28.49434,-14.39464,A000705,A000334,,Zam_20_21,11/01/2020,05/31/2021,113,166,b054d74d-9fbc-4669-a4be-7bd7336dbb08
Kabwe_plot_5,03/02/2021,07/30/2021,5,28.49434,-14.39464,A000705,A000334,,Zam_20_21,11/01/2020,05/31/2021,113,166,b054d74d-9fbc-4669-a4be-7bd7336dbb08
kenya_A000551,12/31/2017,07/01/2018,37,37.39699,0.13175,A000551,,,kenya,03/01/2018,12/31/2022,250,250,11957c43-f442-4ecf-bb69-0f48e1e23efb
kenya_A000551,07/01/2018,12/31/2018,37,37.39699,0.13175,A000551,,,kenya,03/01/2018,12/31/2022,250,250,11957c43-f442-4ecf-bb69-0f48e1e23efb
kenya_A000551,12/31/2018,07/01/2019,37,37.39699,0.13175,A000551,,,kenya,03/01/2018,12/31/2022,250,250,11957c43-f442-4ecf-bb69-0f48e1e23efb
kenya_A000551,07/01/2019,12/31/2019,37,37.39699,0.13175,A000551,,,kenya,03/01/2018,12/31/2022,250,250,11957c43-f442-4ecf-bb69-0f48e1e23efb
kenya_A000551,12/31/2019,07/01/2020,37,37.39699,0.13175,A000551,,,kenya,03/01/2018,12/31/2022,250,250,11957c43-f442-4ecf-bb69-0f48e1e23efb
kenya_A000551,07/01/2020,12/31/2020,37,37.39699,0.13175,A000551,,,kenya,03/01/2018,12/31/2022,250,250,11957c43-f442-4ecf-bb69-0f48e1e23efb
kenya_A000551,12/31/2020,07/01/2021,37,37.39699,0.13175,A000551,,,kenya,03/01/2018,12/31/2022,250,250,11957c43-f442-4ecf-bb69-0f48e1e23efb
kenya_A000551,07/01/2021,12/31/2021,37,37.39699,0.13175,A000551,,,kenya,03/01/2018,12/31/2022,250,250,11957c43-f442-4ecf-bb69-0f48e1e23efb
kenya_A000551,12/31/2021,07/01/2022,37,37.39699,0.13175,A000551,,,kenya,03/01/2018,12/31/2022,250,250,11957c43-f442-4ecf-bb69-0f48e1e23efb
kenya_A000551,07/01/2022,12/31/2022,37,37.39699,0.13175,A000551,,,kenya,03/01/2018,12/31/2022,250,250,11957c43-f442-4ecf-bb69-0f48e1e23efb
kenya_A000551,12/31/2022,03/01/2023,37,37.39699,0.13175,A000551,,,kenya,03/01/2018,12/31/2022,250,250,11957c43-f442-4ecf-bb69-0f48e1e23efb
kenya_A000659,12/31/2017,07/01/2018,38,36.98948,-0.07288,A000659,,,kenya,03/01/2018,12/31/2022,250,250,aaebdf60-d8f9-4f32-95ab-f27e27cf1485
kenya_A000659,07/01/2018,12/31/2018,38,36.98948,-0.07288,A000659,,,kenya,03/01/2018,12/31/2022,250,250,aaebdf60-d8f9-4f32-95ab-f27e27cf1485
kenya_A000659,12/31/2018,07/01/2019,38,36.98948,-0.07288,A000659,,,kenya,03/01/2018,12/31/2022,250,250,aaebdf60-d8f9-4f32-95ab-f27e27cf1485
kenya_A000659,07/01/2019,12/31/2019,38,36.98948,-0.07288,A000659,,,kenya,03/01/2018,12/31/2022,250,250,aaebdf60-d8f9-4f32-95ab-f27e27cf1485
kenya_A000659,12/31/2019,07/01/2020,38,36.98948,-0.07288,A000659,,,kenya,03/01/2018,12/31/2022,250,250,aaebdf60-d8f9-4f32-95ab-f27e27cf1485
kenya_A000659,07/01/2020,12/31/2020,38,36.98948,-0.07288,A000659,,,kenya,03/01/2018,12/31/2022,250,250,aaebdf60-d8f9-4f32-95ab-f27e27cf1485
kenya_A000659,12/31/2020,07/01/2021,38,36.98948,-0.07288,A000659,,,kenya,03/01/2018,12/31/2022,250,250,aaebdf60-d8f9-4f32-95ab-f27e27cf1485
kenya_A000659,07/01/2021,12/31/2021,38,36.98948,-0.07288,A000659,,,kenya,03/01/2018,12/31/2022,250,250,aaebdf60-d8f9-4f32-95ab-f27e27cf1485
kenya_A000659,12/31/2021,07/01/2022,38,36.98948,-0.07288,A000659,,,kenya,03/01/2018,12/31/2022,250,250,aaebdf60-d8f9-4f32-95ab-f27e27cf1485
kenya_A000659,07/01/2022,12/31/2022,38,36.98948,-0.07288,A000659,,,kenya,03/01/2018,12/31/2022,250,250,aaebdf60-d8f9-4f32-95ab-f27e27cf1485
kenya_A000659,12/31/2022,03/01/2023,38,36.98948,-0.07288,A000659,,,kenya,03/01/2018,12/31/2022,250,250,aaebdf60-d8f9-4f32-95ab-f27e27cf1485
kenya_A000660,12/31/2017,07/01/2018,39,37.21657,0.08684,A000660,,,kenya,03/01/2018,12/31/2022,250,250,10869e06-e5bf-4b90-abd0-b02f2deaa37b
kenya_A000660,07/01/2018,12/31/2018,39,37.21657,0.08684,A000660,,,kenya,03/01/2018,12/31/2022,250,250,10869e06-e5bf-4b90-abd0-b02f2deaa37b
kenya_A000660,12/31/2018,07/01/2019,39,37.21657,0.08684,A000660,,,kenya,03/01/2018,12/31/2022,250,250,10869e06-e5bf-4b90-abd0-b02f2deaa37b
kenya_A000660,07/01/2019,12/31/2019,39,37.21657,0.08684,A000660,,,kenya,03/01/2018,12/31/2022,250,250,10869e06-e5bf-4b90-abd0-b02f2deaa37b
kenya_A000660,12/31/2019,07/01/2020,39,37.21657,0.08684,A000660,,,kenya,03/01/2018,12/31/2022,250,250,10869e06-e5bf-4b90-abd0-b02f2deaa37b
kenya_A000660,07/01/2020,12/31/2020,39,37.21657,0.08684,A000660,,,kenya,03/01/2018,12/31/2022,250,250,10869e06-e5bf-4b90-abd0-b02f2deaa37b
kenya_A000660,12/31/2020,07/01/2021,39,37.21657,0.08684,A000660,,,kenya,03/01/2018,12/31/2022,250,250,10869e06-e5bf-4b90-abd0-b02f2deaa37b
kenya_A000660,07/01/2021,12/31/2021,39,37.21657,0.08684,A000660,,,kenya,03/01/2018,12/31/2022,250,250,10869e06-e5bf-4b90-abd0-b02f2deaa37b
kenya_A000660,12/31/2021,07/01/2022,39,37.21657,0.08684,A000660,,,kenya,03/01/2018,12/31/2022,250,250,10869e06-e5bf-4b90-abd0-b02f2deaa37b
kenya_A000660,07/01/2022,12/31/2022,39,37.21657,0.08684,A000660,,,kenya,03/01/2018,12/31/2022,250,250,10869e06-e5bf-4b90-abd0-b02f2deaa37b
kenya_A000660,12/31/2022,03/01/2023,39,37.21657,0.08684,A000660,,,kenya,03/01/2018,12/31/2022,250,250,10869e06-e5bf-4b90-abd0-b02f2deaa37b
kenya_A000662,12/31/2017,07/01/2018,40,37.41658,0.13246,A000662,,,kenya,03/01/2018,12/31/2022,250,250,f5bfef31-7577-4813-8e94-cd127eb457da
kenya_A000662,07/01/2018,12/31/2018,40,37.41658,0.13246,A000662,,,kenya,03/01/2018,12/31/2022,250,250,f5bfef31-7577-4813-8e94-cd127eb457da
kenya_A000662,12/31/2018,07/01/2019,40,37.41658,0.13246,A000662,,,kenya,03/01/2018,12/31/2022,250,250,f5bfef31-7577-4813-8e94-cd127eb457da
kenya_A000662,07/01/2019,12/31/2019,40,37.41658,0.13246,A000662,,,kenya,03/01/2018,12/31/2022,250,250,f5bfef31-7577-4813-8e94-cd127eb457da
kenya_A000662,12/31/2019,07/01/2020,40,37.41658,0.13246,A000662,,,kenya,03/01/2018,12/31/2022,250,250,f5bfef31-7577-4813-8e94-cd127eb457da
kenya_A000662,07/01/2020,12/31/2020,40,37.41658,0.13246,A000662,,,kenya,03/01/2018,12/31/2022,250,250,f5bfef31-7577-4813-8e94-cd127eb457da
kenya_A000662,12/31/2020,07/01/2021,40,37.41658,0.13246,A000662,,,kenya,03/01/2018,12/31/2022,250,250,f5bfef31-7577-4813-8e94-cd127eb457da
kenya_A000662,07/01/2021,12/31/2021,40,37.41658,0.13246,A000662,,,kenya,03/01/2018,12/31/2022,250,250,f5bfef31-7577-4813-8e94-cd127eb457da
kenya_A000662,12/31/2021,07/01/2022,40,37.41658,0.13246,A000662,,,kenya,03/01/2018,12/31/2022,250,250,f5bfef31-7577-4813-8e94-cd127eb457da
kenya_A000662,07/01/2022,12/31/2022,40,37.41658,0.13246,A000662,,,kenya,03/01/2018,12/31/2022,250,250,f5bfef31-7577-4813-8e94-cd127eb457da
kenya_A000662,12/31/2022,03/01/2023,40,37.41658,0.13246,A000662,,,kenya,03/01/2018,12/31/2022,250,250,f5bfef31-7577-4813-8e94-cd127eb457da
kenya_A000669,12/31/2017,07/01/2018,41,37.14501,0.10258,A000669,,,kenya,03/01/2018,12/31/2022,250,250,98a812f0-979c-4ac3-9085-6db256d84397
kenya_A000669,07/01/2018,12/31/2018,41,37.14501,0.10258,A000669,,,kenya,03/01/2018,12/31/2022,250,250,98a812f0-979c-4ac3-9085-6db256d84397
kenya_A000669,12/31/2018,07/01/2019,41,37.14501,0.10258,A000669,,,kenya,03/01/2018,12/31/2022,250,250,98a812f0-979c-4ac3-9085-6db256d84397
kenya_A000669,07/01/2019,12/31/2019,41,37.14501,0.10258,A000669,,,kenya,03/01/2018,12/31/2022,250,250,98a812f0-979c-4ac3-9085-6db256d84397
kenya_A000669,12/31/2019,07/01/2020,41,37.14501,0.10258,A000669,,,kenya,03/01/2018,12/31/2022,250,250,98a812f0-979c-4ac3-9085-6db256d84397
kenya_A000669,07/01/2020,12/31/2020,41,37.14501,0.10258,A000669,,,kenya,03/01/2018,12/31/2022,250,250,98a812f0-979c-4ac3-9085-6db256d84397
kenya_A000669,12/31/2020,07/01/2021,41,37.14501,0.10258,A000669,,,kenya,03/01/2018,12/31/2022,250,250,98a812f0-979c-4ac3-9085-6db256d84397
kenya_A000669,07/01/2021,12/31/2021,41,37.14501,0.10258,A000669,,,kenya,03/01/2018,12/31/2022,250,250,98a812f0-979c-4ac3-9085-6db256d84397
kenya_A000669,12/31/2021,07/01/2022,41,37.14501,0.10258,A000669,,,kenya,03/01/2018,12/31/2022,250,250,98a812f0-979c-4ac3-9085-6db256d84397
kenya_A000669,07/01/2022,12/31/2022,41,37.14501,0.10258,A000669,,,kenya,03/01/2018,12/31/2022,250,250,98a812f0-979c-4ac3-9085-6db256d84397
kenya_A000669,12/31/2022,03/01/2023,41,37.14501,0.10258,A000669,,,kenya,03/01/2018,12/31/2022,250,250,98a812f0-979c-4ac3-9085-6db256d84397
kenya_A000684,12/31/2017,07/01/2018,42,37.12034,0.09363,A000684,,,kenya,03/01/2018,12/31/2022,250,250,d0d6acf0-9640-4674-8a19-2d0b5c854f49
kenya_A000684,07/01/2018,12/31/2018,42,37.12034,0.09363,A000684,,,kenya,03/01/2018,12/31/2022,250,250,d0d6acf0-9640-4674-8a19-2d0b5c854f49
kenya_A000684,12/31/2018,07/01/2019,42,37.12034,0.09363,A000684,,,kenya,03/01/2018,12/31/2022,250,250,d0d6acf0-9640-4674-8a19-2d0b5c854f49
kenya_A000684,07/01/2019,12/31/2019,42,37.12034,0.09363,A000684,,,kenya,03/01/2018,12/31/2022,250,250,d0d6acf0-9640-4674-8a19-2d0b5c854f49
kenya_A000684,12/31/2019,07/01/2020,42,37.12034,0.09363,A000684,,,kenya,03/01/2018,12/31/2022,250,250,d0d6acf0-9640-4674-8a19-2d0b5c854f49
kenya_A000684,07/01/2020,12/31/2020,42,37.12034,0.09363,A000684,,,kenya,03/01/2018,12/31/2022,250,250,d0d6acf0-9640-4674-8a19-2d0b5c854f49
kenya_A000684,12/31/2020,07/01/2021,42,37.12034,0.09363,A000684,,,kenya,03/01/2018,12/31/2022,250,250,d0d6acf0-9640-4674-8a19-2d0b5c854f49
kenya_A000684,07/01/2021,12/31/2021,42,37.12034,0.09363,A000684,,,kenya,03/01/2018,12/31/2022,250,250,d0d6acf0-9640-4674-8a19-2d0b5c854f49
kenya_A000684,12/31/2021,07/01/2022,42,37.12034,0.09363,A000684,,,kenya,03/01/2018,12/31/2022,250,250,d0d6acf0-9640-4674-8a19-2d0b5c854f49
kenya_A000684,07/01/2022,12/31/2022,42,37.12034,0.09363,A000684,,,kenya,03/01/2018,12/31/2022,250,250,d0d6acf0-9640-4674-8a19-2d0b5c854f49
kenya_A000684,12/31/2022,03/01/2023,42,37.12034,0.09363,A000684,,,kenya,03/01/2018,12/31/2022,250,250,d0d6acf0-9640-4674-8a19-2d0b5c854f49
kenya_A000688,12/31/2017,07/01/2018,43,37.04907,0.10013,A000688,,,kenya,03/01/2018,12/31/2022,250,250,7518eded-6555-43ec-bd2c-faf3df032737
kenya_A000688,07/01/2018,12/31/2018,43,37.04907,0.10013,A000688,,,kenya,03/01/2018,12/31/2022,250,250,7518eded-6555-43ec-bd2c-faf3df032737
kenya_A000688,12/31/2018,07/01/2019,43,37.04907,0.10013,A000688,,,kenya,03/01/2018,12/31/2022,250,250,7518eded-6555-43ec-bd2c-faf3df032737
kenya_A000688,07/01/2019,12/31/2019,43,37.04907,0.10013,A000688,,,kenya,03/01/2018,12/31/2022,250,250,7518eded-6555-43ec-bd2c-faf3df032737
kenya_A000688,12/31/2019,07/01/2020,43,37.04907,0.10013,A000688,,,kenya,03/01/2018,12/31/2022,250,250,7518eded-6555-43ec-bd2c-faf3df032737
kenya_A000688,07/01/2020,12/31/2020,43,37.04907,0.10013,A000688,,,kenya,03/01/2018,12/31/2022,250,250,7518eded-6555-43ec-bd2c-faf3df032737
kenya_A000688,12/31/2020,07/01/2021,43,37.04907,0.10013,A000688,,,kenya,03/01/2018,12/31/2022,250,250,7518eded-6555-43ec-bd2c-faf3df032737
kenya_A000688,07/01/2021,12/31/2021,43,37.04907,0.10013,A000688,,,kenya,03/01/2018,12/31/2022,250,250,7518eded-6555-43ec-bd2c-faf3df032737
kenya_A000688,12/31/2021,07/01/2022,43,37.04907,0.10013,A000688,,,kenya,03/01/2018,12/31/2022,250,250,7518eded-6555-43ec-bd2c-faf3df032737
kenya_A000688,07/01/2022,12/31/2022,43,37.04907,0.10013,A000688,,,kenya,03/01/2018,12/31/2022,250,250,7518eded-6555-43ec-bd2c-faf3df032737
kenya_A000688,12/31/2022,03/01/2023,43,37.04907,0.10013,A000688,,,kenya,03/01/2018,12/31/2022,250,250,7518eded-6555-43ec-bd2c-faf3df032737
kenya_A000691,12/31/2017,07/01/2018,44,37.11346,0.058,A000691,,,kenya,03/01/2018,12/31/2022,250,250,40688c12-4b36-459a-b9e0-7b90b39000ea
kenya_A000691,07/01/2018,12/31/2018,44,37.11346,0.058,A000691,,,kenya,03/01/2018,12/31/2022,250,250,40688c12-4b36-459a-b9e0-7b90b39000ea
kenya_A000691,12/31/2018,07/01/2019,44,37.11346,0.058,A000691,,,kenya,03/01/2018,12/31/2022,250,250,40688c12-4b36-459a-b9e0-7b90b39000ea
kenya_A000691,07/01/2019,12/31/2019,44,37.11346,0.058,A000691,,,kenya,03/01/2018,12/31/2022,250,250,40688c12-4b36-459a-b9e0-7b90b39000ea
kenya_A000691,12/31/2019,07/01/2020,44,37.11346,0.058,A000691,,,kenya,03/01/2018,12/31/2022,250,250,40688c12-4b36-459a-b9e0-7b90b39000ea
kenya_A000691,07/01/2020,12/31/2020,44,37.11346,0.058,A000691,,,kenya,03/01/2018,12/31/2022,250,250,40688c12-4b36-459a-b9e0-7b90b39000ea
kenya_A000691,12/31/2020,07/01/2021,44,37.11346,0.058,A000691,,,kenya,03/01/2018,12/31/2022,250,250,40688c12-4b36-459a-b9e0-7b90b39000ea
kenya_A000691,07/01/2021,12/31/2021,44,37.11346,0.058,A000691,,,kenya,03/01/2018,12/31/2022,250,250,40688c12-4b36-459a-b9e0-7b90b39000ea
kenya_A000691,12/31/2021,07/01/2022,44,37.11346,0.058,A000691,,,kenya,03/01/2018,12/31/2022,250,250,40688c12-4b36-459a-b9e0-7b90b39000ea
kenya_A000691,07/01/2022,12/31/2022,44,37.11346,0.058,A000691,,,kenya,03/01/2018,12/31/2022,250,250,40688c12-4b36-459a-b9e0-7b90b39000ea
kenya_A000691,12/31/2022,03/01/2023,44,37.11346,0.058,A000691,,,kenya,03/01/2018,12/31/2022,250,250,40688c12-4b36-459a-b9e0-7b90b39000ea
kenya_A000693,12/31/2017,07/01/2018,45,37.09107,0.11705,A000693,,,kenya,03/01/2018,12/31/2022,250,250,6f9ff8a8-b5ba-430e-ab54-9101111b6100
kenya_A000693,07/01/2018,12/31/2018,45,37.09107,0.11705,A000693,,,kenya,03/01/2018,12/31/2022,250,250,6f9ff8a8-b5ba-430e-ab54-9101111b6100
kenya_A000693,12/31/2018,07/01/2019,45,37.09107,0.11705,A000693,,,kenya,03/01/2018,12/31/2022,250,250,6f9ff8a8-b5ba-430e-ab54-9101111b6100
kenya_A000693,07/01/2019,12/31/2019,45,37.09107,0.11705,A000693,,,kenya,03/01/2018,12/31/2022,250,250,6f9ff8a8-b5ba-430e-ab54-9101111b6100
kenya_A000693,12/31/2019,07/01/2020,45,37.09107,0.11705,A000693,,,kenya,03/01/2018,12/31/2022,250,250,6f9ff8a8-b5ba-430e-ab54-9101111b6100
kenya_A000693,07/01/2020,12/31/2020,45,37.09107,0.11705,A000693,,,kenya,03/01/2018,12/31/2022,250,250,6f9ff8a8-b5ba-430e-ab54-9101111b6100
kenya_A000693,12/31/2020,07/01/2021,45,37.09107,0.11705,A000693,,,kenya,03/01/2018,12/31/2022,250,250,6f9ff8a8-b5ba-430e-ab54-9101111b6100
kenya_A000693,07/01/2021,12/31/2021,45,37.09107,0.11705,A000693,,,kenya,03/01/2018,12/31/2022,250,250,6f9ff8a8-b5ba-430e-ab54-9101111b6100
kenya_A000693,12/31/2021,07/01/2022,45,37.09107,0.11705,A000693,,,kenya,03/01/2018,12/31/2022,250,250,6f9ff8a8-b5ba-430e-ab54-9101111b6100
kenya_A000693,07/01/2022,12/31/2022,45,37.09107,0.11705,A000693,,,kenya,03/01/2018,12/31/2022,250,250,6f9ff8a8-b5ba-430e-ab54-9101111b6100
kenya_A000693,12/31/2022,03/01/2023,45,37.09107,0.11705,A000693,,,kenya,03/01/2018,12/31/2022,250,250,6f9ff8a8-b5ba-430e-ab54-9101111b6100
kenya_A000694,12/31/2017,07/01/2018,46,37.10249,-0.04098,A000694,,,kenya,03/01/2018,12/31/2022,250,250,cc367092-b519-478a-aa04-ebc5655b77a1
kenya_A000694,07/01/2018,12/31/2018,46,37.10249,-0.04098,A000694,,,kenya,03/01/2018,12/31/2022,250,250,cc367092-b519-478a-aa04-ebc5655b77a1
kenya_A000694,12/31/2018,07/01/2019,46,37.10249,-0.04098,A000694,,,kenya,03/01/2018,12/31/2022,250,250,cc367092-b519-478a-aa04-ebc5655b77a1
kenya_A000694,07/01/2019,12/31/2019,46,37.10249,-0.04098,A000694,,,kenya,03/01/2018,12/31/2022,250,250,cc367092-b519-478a-aa04-ebc5655b77a1
kenya_A000694,12/31/2019,07/01/2020,46,37.10249,-0.04098,A000694,,,kenya,03/01/2018,12/31/2022,250,250,cc367092-b519-478a-aa04-ebc5655b77a1
kenya_A000694,07/01/2020,12/31/2020,46,37.10249,-0.04098,A000694,,,kenya,03/01/2018,12/31/2022,250,250,cc367092-b519-478a-aa04-ebc5655b77a1
kenya_A000694,12/31/2020,07/01/2021,46,37.10249,-0.04098,A000694,,,kenya,03/01/2018,12/31/2022,250,250,cc367092-b519-478a-aa04-ebc5655b77a1
kenya_A000694,07/01/2021,12/31/2021,46,37.10249,-0.04098,A000694,,,kenya,03/01/2018,12/31/2022,250,250,cc367092-b519-478a-aa04-ebc5655b77a1
kenya_A000694,12/31/2021,07/01/2022,46,37.10249,-0.04098,A000694,,,kenya,03/01/2018,12/31/2022,250,250,cc367092-b519-478a-aa04-ebc5655b77a1
kenya_A000694,07/01/2022,12/31/2022,46,37.10249,-0.04098,A000694,,,kenya,03/01/2018,12/31/2022,250,250,cc367092-b519-478a-aa04-ebc5655b77a1
kenya_A000694,12/31/2022,03/01/2023,46,37.10249,-0.04098,A000694,,,kenya,03/01/2018,12/31/2022,250,250,cc367092-b519-478a-aa04-ebc5655b77a1
kenya_A000702,12/31/2017,07/01/2018,47,37.06947,0.04583,A000702,,,kenya,03/01/2018,12/31/2022,250,250,db5fb453-16e2-480f-9c78-46969e185454
kenya_A000702,07/01/2018,12/31/2018,47,37.06947,0.04583,A000702,,,kenya,03/01/2018,12/31/2022,250,250,db5fb453-16e2-480f-9c78-46969e185454
kenya_A000702,12/31/2018,07/01/2019,47,37.06947,0.04583,A000702,,,kenya,03/01/2018,12/31/2022,250,250,db5fb453-16e2-480f-9c78-46969e185454
kenya_A000702,07/01/2019,12/31/2019,47,37.06947,0.04583,A000702,,,kenya,03/01/2018,12/31/2022,250,250,db5fb453-16e2-480f-9c78-46969e185454
kenya_A000702,12/31/2019,07/01/2020,47,37.06947,0.04583,A000702,,,kenya,03/01/2018,12/31/2022,250,250,db5fb453-16e2-480f-9c78-46969e185454
kenya_A000702,07/01/2020,12/31/2020,47,37.06947,0.04583,A000702,,,kenya,03/01/2018,12/31/2022,250,250,db5fb453-16e2-480f-9c78-46969e185454
kenya_A000702,12/31/2020,07/01/2021,47,37.06947,0.04583,A000702,,,kenya,03/01/2018,12/31/2022,250,250,db5fb453-16e2-480f-9c78-46969e185454
kenya_A000702,07/01/2021,12/31/2021,47,37.06947,0.04583,A000702,,,kenya,03/01/2018,12/31/2022,250,250,db5fb453-16e2-480f-9c78-46969e185454
kenya_A000702,12/31/2021,07/01/2022,47,37.06947,0.04583,A000702,,,kenya,03/01/2018,12/31/2022,250,250,db5fb453-16e2-480f-9c78-46969e185454
kenya_A000702,07/01/2022,12/31/2022,47,37.06947,0.04583,A000702,,,kenya,03/01/2018,12/31/2022,250,250,db5fb453-16e2-480f-9c78-46969e185454
kenya_A000702,12/31/2022,03/01/2023,47,37.06947,0.04583,A000702,,,kenya,03/01/2018,12/31/2022,250,250,db5fb453-16e2-480f-9c78-46969e185454
kenya_A000706,12/31/2017,07/01/2018,48,37.24906,0.10191,A000706,,,kenya,03/01/2018,12/31/2022,250,250,eacb567b-3614-4991-bc4f-32aff4b251ae
kenya_A000706,07/01/2018,12/31/2018,48,37.24906,0.10191,A000706,,,kenya,03/01/2018,12/31/2022,250,250,eacb567b-3614-4991-bc4f-32aff4b251ae
kenya_A000706,12/31/2018,07/01/2019,48,37.24906,0.10191,A000706,,,kenya,03/01/2018,12/31/2022,250,250,eacb567b-3614-4991-bc4f-32aff4b251ae
kenya_A000706,07/01/2019,12/31/2019,48,37.24906,0.10191,A000706,,,kenya,03/01/2018,12/31/2022,250,250,eacb567b-3614-4991-bc4f-32aff4b251ae
kenya_A000706,12/31/2019,07/01/2020,48,37.24906,0.10191,A000706,,,kenya,03/01/2018,12/31/2022,250,250,eacb567b-3614-4991-bc4f-32aff4b251ae
kenya_A000706,07/01/2020,12/31/2020,48,37.24906,0.10191,A000706,,,kenya,03/01/2018,12/31/2022,250,250,eacb567b-3614-4991-bc4f-32aff4b251ae
kenya_A000706,12/31/2020,07/01/2021,48,37.24906,0.10191,A000706,,,kenya,03/01/2018,12/31/2022,250,250,eacb567b-3614-4991-bc4f-32aff4b251ae
kenya_A000706,07/01/2021,12/31/2021,48,37.24906,0.10191,A000706,,,kenya,03/01/2018,12/31/2022,250,250,eacb567b-3614-4991-bc4f-32aff4b251ae
kenya_A000706,12/31/2021,07/01/2022,48,37.24906,0.10191,A000706,,,kenya,03/01/2018,12/31/2022,250,250,eacb567b-3614-4991-bc4f-32aff4b251ae
kenya_A000706,07/01/2022,12/31/2022,48,37.24906,0.10191,A000706,,,kenya,03/01/2018,12/31/2022,250,250,eacb567b-3614-4991-bc4f-32aff4b251ae
kenya_A000706,12/31/2022,03/01/2023,48,37.24906,0.10191,A000706,,,kenya,03/01/2018,12/31/2022,250,250,eacb567b-3614-4991-bc4f-32aff4b251ae
kenya_A000708,12/31/2017,07/01/2018,49,37.05657,-0.05785,A000708,,,kenya,03/01/2018,12/31/2022,250,250,890775b9-44b3-49d6-b453-c5e501eedde0
kenya_A000708,07/01/2018,12/31/2018,49,37.05657,-0.05785,A000708,,,kenya,03/01/2018,12/31/2022,250,250,890775b9-44b3-49d6-b453-c5e501eedde0
kenya_A000708,12/31/2018,07/01/2019,49,37.05657,-0.05785,A000708,,,kenya,03/01/2018,12/31/2022,250,250,890775b9-44b3-49d6-b453-c5e501eedde0
kenya_A000708,07/01/2019,12/31/2019,49,37.05657,-0.05785,A000708,,,kenya,03/01/2018,12/31/2022,250,250,890775b9-44b3-49d6-b453-c5e501eedde0
kenya_A000708,12/31/2019,07/01/2020,49,37.05657,-0.05785,A000708,,,kenya,03/01/2018,12/31/2022,250,250,890775b9-44b3-49d6-b453-c5e501eedde0
kenya_A000708,07/01/2020,12/31/2020,49,37.05657,-0.05785,A000708,,,kenya,03/01/2018,12/31/2022,250,250,890775b9-44b3-49d6-b453-c5e501eedde0
kenya_A000708,12/31/2020,07/01/2021,49,37.05657,-0.05785,A000708,,,kenya,03/01/2018,12/31/2022,250,250,890775b9-44b3-49d6-b453-c5e501eedde0
kenya_A000708,07/01/2021,12/31/2021,49,37.05657,-0.05785,A000708,,,kenya,03/01/2018,12/31/2022,250,250,890775b9-44b3-49d6-b453-c5e501eedde0
kenya_A000708,12/31/2021,07/01/2022,49,37.05657,-0.05785,A000708,,,kenya,03/01/2018,12/31/2022,250,250,890775b9-44b3-49d6-b453-c5e501eedde0
kenya_A000708,07/01/2022,12/31/2022,49,37.05657,-0.05785,A000708,,,kenya,03/01/2018,12/31/2022,250,250,890775b9-44b3-49d6-b453-c5e501eedde0
kenya_A000708,12/31/2022,03/01/2023,49,37.05657,-0.05785,A000708,,,kenya,03/01/2018,12/31/2022,250,250,890775b9-44b3-49d6-b453-c5e501eedde0
kenya_A000709,12/31/2017,07/01/2018,50,36.98456,0.01488,A000709,,,kenya,03/01/2018,12/31/2022,250,250,3b0dc01e-e14b-4797-bef8-1bdbf4c74f63
kenya_A000709,07/01/2018,12/31/2018,50,36.98456,0.01488,A000709,,,kenya,03/01/2018,12/31/2022,250,250,3b0dc01e-e14b-4797-bef8-1bdbf4c74f63
kenya_A000709,12/31/2018,07/01/2019,50,36.98456,0.01488,A000709,,,kenya,03/01/2018,12/31/2022,250,250,3b0dc01e-e14b-4797-bef8-1bdbf4c74f63
kenya_A000709,07/01/2019,12/31/2019,50,36.98456,0.01488,A000709,,,kenya,03/01/2018,12/31/2022,250,250,3b0dc01e-e14b-4797-bef8-1bdbf4c74f63
kenya_A000709,12/31/2019,07/01/2020,50,36.98456,0.01488,A000709,,,kenya,03/01/2018,12/31/2022,250,250,3b0dc01e-e14b-4797-bef8-1bdbf4c74f63
kenya_A000709,07/01/2020,12/31/2020,50,36.98456,0.01488,A000709,,,kenya,03/01/2018,12/31/2022,250,250,3b0dc01e-e14b-4797-bef8-1bdbf4c74f63
kenya_A000709,12/31/2020,07/01/2021,50,36.98456,0.01488,A000709,,,kenya,03/01/2018,12/31/2022,250,250,3b0dc01e-e14b-4797-bef8-1bdbf4c74f63
kenya_A000709,07/01/2021,12/31/2021,50,36.98456,0.01488,A000709,,,kenya,03/01/2018,12/31/2022,250,250,3b0dc01e-e14b-4797-bef8-1bdbf4c74f63
kenya_A000709,12/31/2021,07/01/2022,50,36.98456,0.01488,A000709,,,kenya,03/01/2018,12/31/2022,250,250,3b0dc01e-e14b-4797-bef8-1bdbf4c74f63
kenya_A000709,07/01/2022,12/31/2022,50,36.98456,0.01488,A000709,,,kenya,03/01/2018,12/31/2022,250,250,3b0dc01e-e14b-4797-bef8-1bdbf4c74f63
kenya_A000709,12/31/2022,03/01/2023,50,36.98456,0.01488,A000709,,,kenya,03/01/2018,12/31/2022,250,250,3b0dc01e-e14b-4797-bef8-1bdbf4c74f63
kenya_A000716,12/31/2017,07/01/2018,51,37.04585,-0.03129,A000716,,,kenya,03/01/2018,12/31/2022,250,250,d25ecd00-20c1-429a-9846-1c2ca28cc3be
kenya_A000716,07/01/2018,12/31/2018,51,37.04585,-0.03129,A000716,,,kenya,03/01/2018,12/31/2022,250,250,d25ecd00-20c1-429a-9846-1c2ca28cc3be
kenya_A000716,12/31/2018,07/01/2019,51,37.04585,-0.03129,A000716,,,kenya,03/01/2018,12/31/2022,250,250,d25ecd00-20c1-429a-9846-1c2ca28cc3be
kenya_A000716,07/01/2019,12/31/2019,51,37.04585,-0.03129,A000716,,,kenya,03/01/2018,12/31/2022,250,250,d25ecd00-20c1-429a-9846-1c2ca28cc3be
kenya_A000716,12/31/2019,07/01/2020,51,37.04585,-0.03129,A000716,,,kenya,03/01/2018,12/31/2022,250,250,d25ecd00-20c1-429a-9846-1c2ca28cc3be
kenya_A000716,07/01/2020,12/31/2020,51,37.04585,-0.03129,A000716,,,kenya,03/01/2018,12/31/2022,250,250,d25ecd00-20c1-429a-9846-1c2ca28cc3be
kenya_A000716,12/31/2020,07/01/2021,51,37.04585,-0.03129,A000716,,,kenya,03/01/2018,12/31/2022,250,250,d25ecd00-20c1-429a-9846-1c2ca28cc3be
kenya_A000716,07/01/2021,12/31/2021,51,37.04585,-0.03129,A000716,,,kenya,03/01/2018,12/31/2022,250,250,d25ecd00-20c1-429a-9846-1c2ca28cc3be
kenya_A000716,12/31/2021,07/01/2022,51,37.04585,-0.03129,A000716,,,kenya,03/01/2018,12/31/2022,250,250,d25ecd00-20c1-429a-9846-1c2ca28cc3be
kenya_A000716,07/01/2022,12/31/2022,51,37.04585,-0.03129,A000716,,,kenya,03/01/2018,12/31/2022,250,250,d25ecd00-20c1-429a-9846-1c2ca28cc3be
kenya_A000716,12/31/2022,03/01/2023,51,37.04585,-0.03129,A000716,,,kenya,03/01/2018,12/31/2022,250,250,d25ecd00-20c1-429a-9846-1c2ca28cc3be
kenya_A000722,12/31/2017,07/01/2018,52,37.12959,-0.01424,A000722,,,kenya,03/01/2018,12/31/2022,250,250,7e3a9307-ed9c-421c-a13b-160f3728b79f
kenya_A000722,07/01/2018,12/31/2018,52,37.12959,-0.01424,A000722,,,kenya,03/01/2018,12/31/2022,250,250,7e3a9307-ed9c-421c-a13b-160f3728b79f
kenya_A000722,12/31/2018,07/01/2019,52,37.12959,-0.01424,A000722,,,kenya,03/01/2018,12/31/2022,250,250,7e3a9307-ed9c-421c-a13b-160f3728b79f
kenya_A000722,07/01/2019,12/31/2019,52,37.12959,-0.01424,A000722,,,kenya,03/01/2018,12/31/2022,250,250,7e3a9307-ed9c-421c-a13b-160f3728b79f
kenya_A000722,12/31/2019,07/01/2020,52,37.12959,-0.01424,A000722,,,kenya,03/01/2018,12/31/2022,250,250,7e3a9307-ed9c-421c-a13b-160f3728b79f
kenya_A000722,07/01/2020,12/31/2020,52,37.12959,-0.01424,A000722,,,kenya,03/01/2018,12/31/2022,250,250,7e3a9307-ed9c-421c-a13b-160f3728b79f
kenya_A000722,12/31/2020,07/01/2021,52,37.12959,-0.01424,A000722,,,kenya,03/01/2018,12/31/2022,250,250,7e3a9307-ed9c-421c-a13b-160f3728b79f
kenya_A000722,07/01/2021,12/31/2021,52,37.12959,-0.01424,A000722,,,kenya,03/01/2018,12/31/2022,250,250,7e3a9307-ed9c-421c-a13b-160f3728b79f
kenya_A000722,12/31/2021,07/01/2022,52,37.12959,-0.01424,A000722,,,kenya,03/01/2018,12/31/2022,250,250,7e3a9307-ed9c-421c-a13b-160f3728b79f
kenya_A000722,07/01/2022,12/31/2022,52,37.12959,-0.01424,A000722,,,kenya,03/01/2018,12/31/2022,250,250,7e3a9307-ed9c-421c-a13b-160f3728b79f
kenya_A000722,12/31/2022,03/01/2023,52,37.12959,-0.01424,A000722,,,kenya,03/01/2018,12/31/2022,250,250,7e3a9307-ed9c-421c-a13b-160f3728b79f
kenya_A000724,12/31/2017,07/01/2018,53,37.07295,0.13545,A000724,,,kenya,03/01/2018,12/31/2022,250,250,594f0d20-8015-459a-b933-45376139efe9
kenya_A000724,07/01/2018,12/31/2018,53,37.07295,0.13545,A000724,,,kenya,03/01/2018,12/31/2022,250,250,594f0d20-8015-459a-b933-45376139efe9
kenya_A000724,12/31/2018,07/01/2019,53,37.07295,0.13545,A000724,,,kenya,03/01/2018,12/31/2022,250,250,594f0d20-8015-459a-b933-45376139efe9
kenya_A000724,07/01/2019,12/31/2019,53,37.07295,0.13545,A000724,,,kenya,03/01/2018,12/31/2022,250,250,594f0d20-8015-459a-b933-45376139efe9
kenya_A000724,12/31/2019,07/01/2020,53,37.07295,0.13545,A000724,,,kenya,03/01/2018,12/31/2022,250,250,594f0d20-8015-459a-b933-45376139efe9
kenya_A000724,07/01/2020,12/31/2020,53,37.07295,0.13545,A000724,,,kenya,03/01/2018,12/31/2022,250,250,594f0d20-8015-459a-b933-45376139efe9
kenya_A000724,12/31/2020,07/01/2021,53,37.07295,0.13545,A000724,,,kenya,03/01/2018,12/31/2022,250,250,594f0d20-8015-459a-b933-45376139efe9
kenya_A000724,07/01/2021,12/31/2021,53,37.07295,0.13545,A000724,,,kenya,03/01/2018,12/31/2022,250,250,594f0d20-8015-459a-b933-45376139efe9
kenya_A000724,12/31/2021,07/01/2022,53,37.07295,0.13545,A000724,,,kenya,03/01/2018,12/31/2022,250,250,594f0d20-8015-459a-b933-45376139efe9
kenya_A000724,07/01/2022,12/31/2022,53,37.07295,0.13545,A000724,,,kenya,03/01/2018,12/31/2022,250,250,594f0d20-8015-459a-b933-45376139efe9
kenya_A000724,12/31/2022,03/01/2023,53,37.07295,0.13545,A000724,,,kenya,03/01/2018,12/31/2022,250,250,594f0d20-8015-459a-b933-45376139efe9
kenya_A000729,12/31/2017,07/01/2018,54,37.07884,0.10557,A000729,,,kenya,03/01/2018,12/31/2022,250,250,dc3c3fe5-b02b-47fa-9798-c62c8936d679
kenya_A000729,07/01/2018,12/31/2018,54,37.07884,0.10557,A000729,,,kenya,03/01/2018,12/31/2022,250,250,dc3c3fe5-b02b-47fa-9798-c62c8936d679
kenya_A000729,12/31/2018,07/01/2019,54,37.07884,0.10557,A000729,,,kenya,03/01/2018,12/31/2022,250,250,dc3c3fe5-b02b-47fa-9798-c62c8936d679
kenya_A000729,07/01/2019,12/31/2019,54,37.07884,0.10557,A000729,,,kenya,03/01/2018,12/31/2022,250,250,dc3c3fe5-b02b-47fa-9798-c62c8936d679
kenya_A000729,12/31/2019,07/01/2020,54,37.07884,0.10557,A000729,,,kenya,03/01/2018,12/31/2022,250,250,dc3c3fe5-b02b-47fa-9798-c62c8936d679
kenya_A000729,07/01/2020,12/31/2020,54,37.07884,0.10557,A000729,,,kenya,03/01/2018,12/31/2022,250,250,dc3c3fe5-b02b-47fa-9798-c62c8936d679
kenya_A000729,12/31/2020,07/01/2021,54,37.07884,0.10557,A000729,,,kenya,03/01/2018,12/31/2022,250,250,dc3c3fe5-b02b-47fa-9798-c62c8936d679
kenya_A000729,07/01/2021,12/31/2021,54,37.07884,0.10557,A000729,,,kenya,03/01/2018,12/31/2022,250,250,dc3c3fe5-b02b-47fa-9798-c62c8936d679
kenya_A000729,12/31/2021,07/01/2022,54,37.07884,0.10557,A000729,,,kenya,03/01/2018,12/31/2022,250,250,dc3c3fe5-b02b-47fa-9798-c62c8936d679
kenya_A000729,07/01/2022,12/31/2022,54,37.07884,0.10557,A000729,,,kenya,03/01/2018,12/31/2022,250,250,dc3c3fe5-b02b-47fa-9798-c62c8936d679
kenya_A000729,12/31/2022,03/01/2023,54,37.07884,0.10557,A000729,,,kenya,03/01/2018,12/31/2022,250,250,dc3c3fe5-b02b-47fa-9798-c62c8936d679
kenya_A000756,12/31/2017,07/01/2018,55,37.19581,0.07336,A000756,,,kenya,03/01/2018,12/31/2022,250,250,18f1056d-913f-4d37-9d74-ef2996348302
kenya_A000756,07/01/2018,12/31/2018,55,37.19581,0.07336,A000756,,,kenya,03/01/2018,12/31/2022,250,250,18f1056d-913f-4d37-9d74-ef2996348302
kenya_A000756,12/31/2018,07/01/2019,55,37.19581,0.07336,A000756,,,kenya,03/01/2018,12/31/2022,250,250,18f1056d-913f-4d37-9d74-ef2996348302
kenya_A000756,07/01/2019,12/31/2019,55,37.19581,0.07336,A000756,,,kenya,03/01/2018,12/31/2022,250,250,18f1056d-913f-4d37-9d74-ef2996348302
kenya_A000756,12/31/2019,07/01/2020,55,37.19581,0.07336,A000756,,,kenya,03/01/2018,12/31/2022,250,250,18f1056d-913f-4d37-9d74-ef2996348302
kenya_A000756,07/01/2020,12/31/2020,55,37.19581,0.07336,A000756,,,kenya,03/01/2018,12/31/2022,250,250,18f1056d-913f-4d37-9d74-ef2996348302
kenya_A000756,12/31/2020,07/01/2021,55,37.19581,0.07336,A000756,,,kenya,03/01/2018,12/31/2022,250,250,18f1056d-913f-4d37-9d74-ef2996348302
kenya_A000756,07/01/2021,12/31/2021,55,37.19581,0.07336,A000756,,,kenya,03/01/2018,12/31/2022,250,250,18f1056d-913f-4d37-9d74-ef2996348302
kenya_A000756,12/31/2021,07/01/2022,55,37.19581,0.07336,A000756,,,kenya,03/01/2018,12/31/2022,250,250,18f1056d-913f-4d37-9d74-ef2996348302
kenya_A000756,07/01/2022,12/31/2022,55,37.19581,0.07336,A000756,,,kenya,03/01/2018,12/31/2022,250,250,18f1056d-913f-4d37-9d74-ef2996348302
kenya_A000756,12/31/2022,03/01/2023,55,37.19581,0.07336,A000756,,,kenya,03/01/2018,12/31/2022,250,250,18f1056d-913f-4d37-9d74-ef2996348302
kenya_A000769,12/31/2017,07/01/2018,56,37.2139,0.04287,A000769,,,kenya,03/01/2018,12/31/2022,250,250,6b967311-5f56-4563-a2cb-c4d19f9a9f4a
kenya_A000769,07/01/2018,12/31/2018,56,37.2139,0.04287,A000769,,,kenya,03/01/2018,12/31/2022,250,250,6b967311-5f56-4563-a2cb-c4d19f9a9f4a
kenya_A000769,12/31/2018,07/01/2019,56,37.2139,0.04287,A000769,,,kenya,03/01/2018,12/31/2022,250,250,6b967311-5f56-4563-a2cb-c4d19f9a9f4a
kenya_A000769,07/01/2019,12/31/2019,56,37.2139,0.04287,A000769,,,kenya,03/01/2018,12/31/2022,250,250,6b967311-5f56-4563-a2cb-c4d19f9a9f4a
kenya_A000769,12/31/2019,07/01/2020,56,37.2139,0.04287,A000769,,,kenya,03/01/2018,12/31/2022,250,250,6b967311-5f56-4563-a2cb-c4d19f9a9f4a
kenya_A000769,07/01/2020,12/31/2020,56,37.2139,0.04287,A000769,,,kenya,03/01/2018,12/31/2022,250,250,6b967311-5f56-4563-a2cb-c4d19f9a9f4a
kenya_A000769,12/31/2020,07/01/2021,56,37.2139,0.04287,A000769,,,kenya,03/01/2018,12/31/2022,250,250,6b967311-5f56-4563-a2cb-c4d19f9a9f4a
kenya_A000769,07/01/2021,12/31/2021,56,37.2139,0.04287,A000769,,,kenya,03/01/2018,12/31/2022,250,250,6b967311-5f56-4563-a2cb-c4d19f9a9f4a
kenya_A000769,12/31/2021,07/01/2022,56,37.2139,0.04287,A000769,,,kenya,03/01/2018,12/31/2022,250,250,6b967311-5f56-4563-a2cb-c4d19f9a9f4a
kenya_A000769,07/01/2022,12/31/2022,56,37.2139,0.04287,A000769,,,kenya,03/01/2018,12/31/2022,250,250,6b967311-5f56-4563-a2cb-c4d19f9a9f4a
kenya_A000769,12/31/2022,03/01/2023,56,37.2139,0.04287,A000769,,,kenya,03/01/2018,12/31/2022,250,250,6b967311-5f56-4563-a2cb-c4d19f9a9f4a
kenya_A000793,12/31/2017,07/01/2018,57,37.02913,-0.0711,A000793,,,kenya,03/01/2018,12/31/2022,250,250,e1bdde30-1ad8-4273-b16f-b65533c14178
kenya_A000793,07/01/2018,12/31/2018,57,37.02913,-0.0711,A000793,,,kenya,03/01/2018,12/31/2022,250,250,e1bdde30-1ad8-4273-b16f-b65533c14178
kenya_A000793,12/31/2018,07/01/2019,57,37.02913,-0.0711,A000793,,,kenya,03/01/2018,12/31/2022,250,250,e1bdde30-1ad8-4273-b16f-b65533c14178
kenya_A000793,07/01/2019,12/31/2019,57,37.02913,-0.0711,A000793,,,kenya,03/01/2018,12/31/2022,250,250,e1bdde30-1ad8-4273-b16f-b65533c14178
kenya_A000793,12/31/2019,07/01/2020,57,37.02913,-0.0711,A000793,,,kenya,03/01/2018,12/31/2022,250,250,e1bdde30-1ad8-4273-b16f-b65533c14178
kenya_A000793,07/01/2020,12/31/2020,57,37.02913,-0.0711,A000793,,,kenya,03/01/2018,12/31/2022,250,250,e1bdde30-1ad8-4273-b16f-b65533c14178
kenya_A000793,12/31/2020,07/01/2021,57,37.02913,-0.0711,A000793,,,kenya,03/01/2018,12/31/2022,250,250,e1bdde30-1ad8-4273-b16f-b65533c14178
kenya_A000793,07/01/2021,12/31/2021,57,37.02913,-0.0711,A000793,,,kenya,03/01/2018,12/31/2022,250,250,e1bdde30-1ad8-4273-b16f-b65533c14178
kenya_A000793,12/31/2021,07/01/2022,57,37.02913,-0.0711,A000793,,,kenya,03/01/2018,12/31/2022,250,250,e1bdde30-1ad8-4273-b16f-b65533c14178
kenya_A000793,07/01/2022,12/31/2022,57,37.02913,-0.0711,A000793,,,kenya,03/01/2018,12/31/2022,250,250,e1bdde30-1ad8-4273-b16f-b65533c14178
kenya_A000793,12/31/2022,03/01/2023,57,37.02913,-0.0711,A000793,,,kenya,03/01/2018,12/31/2022,250,250,e1bdde30-1ad8-4273-b16f-b65533c14178
Makulu_farmer,09/02/2020,03/02/2021,3,28.28576,-15.58808,A000415,,,Zam_20_21,11/01/2020,05/31/2021,121,166,91bb65ce-98cf-49c3-a983-bbba10817ebb
Makulu_farmer,03/02/2021,07/30/2021,3,28.28576,-15.58808,A000415,,,Zam_20_21,11/01/2020,05/31/2021,121,166,91bb65ce-98cf-49c3-a983-bbba10817ebb
Makulu_plot_1_21-22,09/02/2021,03/02/2022,13,28.24957,-15.54952,A000693,,,Zam_21_22,11/01/2021,05/31/2022,111,149,ba189070-7763-4acd-8328-f85c6fb8958f
Makulu_plot_1_21-22,03/02/2022,07/30/2022,13,28.24957,-15.54952,A000693,,,Zam_21_22,11/01/2021,05/31/2022,111,149,ba189070-7763-4acd-8328-f85c6fb8958f
Makulu_plot_13,09/02/2020,03/02/2021,0,28.24915,-15.54929,A000302,,,Zam_20_21,11/01/2020,05/31/2021,195,195,ae2db049-18c1-433c-a7bb-25567410b6d9
Makulu_plot_13,03/02/2021,07/30/2021,0,28.24915,-15.54929,A000302,,,Zam_20_21,11/01/2020,05/31/2021,195,195,ae2db049-18c1-433c-a7bb-25567410b6d9
Makulu_plot_2_21-22,09/02/2021,03/02/2022,14,28.24956,-15.54955,A000709,,,Zam_21_22,11/01/2021,05/31/2022,111,149,acd6e4a5-0463-442f-9d77-bedfbc6adff6
Makulu_plot_2_21-22,03/02/2022,07/30/2022,14,28.24956,-15.54955,A000709,,,Zam_21_22,11/01/2021,05/31/2022,111,149,acd6e4a5-0463-442f-9d77-bedfbc6adff6
Makulu_plot_3,09/02/2020,03/02/2021,2,28.24949,-15.54959,A000694,,,Zam_20_21,11/01/2020,05/31/2021,139,195,da665ea7-26db-4762-bfea-fac7ab74b692
Makulu_plot_3,03/02/2021,07/30/2021,2,28.24949,-15.54959,A000694,,,Zam_20_21,11/01/2020,05/31/2021,139,195,da665ea7-26db-4762-bfea-fac7ab74b692
Makulu_plot_3_21-22,09/02/2021,03/02/2022,15,28.24952,-15.5498,A000477,,,Zam_21_22,11/01/2021,05/31/2022,111,149,c1c74a5b-4fe0-40e8-9efd-fc1abede9959
Makulu_plot_3_21-22,03/02/2022,07/30/2022,15,28.24952,-15.5498,A000477,,,Zam_21_22,11/01/2021,05/31/2022,111,149,c1c74a5b-4fe0-40e8-9efd-fc1abede9959
Makulu_plot_4_21-22,09/02/2021,03/02/2022,16,28.24945,-15.54958,A000434,,,Zam_21_22,11/01/2021,05/31/2022,111,149,18eb56ae-4a11-40fa-ab7b-d16b20ce901d
Makulu_plot_4_21-22,03/02/2022,07/30/2022,16,28.24945,-15.54958,A000434,,,Zam_21_22,11/01/2021,05/31/2022,111,149,18eb56ae-4a11-40fa-ab7b-d16b20ce901d
Makulu_plot_5_21-22,09/02/2021,03/02/2022,17,28.24956,-15.54983,A000407,,,Zam_21_22,11/01/2021,05/31/2022,111,149,655b8132-5cec-4cb8-bff7-1664f92b2dff
Makulu_plot_5_21-22,03/02/2022,07/30/2022,17,28.24956,-15.54983,A000407,,,Zam_21_22,11/01/2021,05/31/2022,111,149,655b8132-5cec-4cb8-bff7-1664f92b2dff
Makulu_plot_6_21-22,09/02/2021,03/02/2022,18,28.24936,-15.54965,A000301,,,Zam_21_22,11/01/2021,05/31/2022,111,149,519a143a-8f70-4a3d-82c0-e9679391056c
Makulu_plot_6_21-22,03/02/2022,07/30/2022,18,28.24936,-15.54965,A000301,,,Zam_21_22,11/01/2021,05/31/2022,111,149,519a143a-8f70-4a3d-82c0-e9679391056c
Makulu_plot_7,09/02/2020,03/02/2021,1,28.24953,-15.54936,A000291,,,Zam_20_21,11/01/2020,05/31/2021,139,195,23b412d2-7a5b-4085-83ba-b14c119d20ce
Makulu_plot_7,03/02/2021,07/30/2021,1,28.24953,-15.54936,A000291,,,Zam_20_21,11/01/2020,05/31/2021,139,195,23b412d2-7a5b-4085-83ba-b14c119d20ce
Makulu_plot_7_21-22,09/02/2021,03/02/2022,19,28.24932,-15.54968,A000721,,,Zam_21_22,11/01/2021,05/31/2022,111,149,5ed69fba-6d93-4355-973c-c64b78b2caa1
Makulu_plot_7_21-22,03/02/2022,07/30/2022,19,28.24932,-15.54968,A000721,,,Zam_21_22,11/01/2021,05/31/2022,111,149,5ed69fba-6d93-4355-973c-c64b78b2caa1
Makulu_plot_8_21-22,09/02/2021,03/02/2022,20,28.24932,-15.54973,A000408,,,Zam_21_22,11/01/2021,05/31/2022,111,149,5708289a-8cfb-48bf-b385-3bcc9cb96cfa
Makulu_plot_8_21-22,03/02/2022,07/30/2022,20,28.24932,-15.54973,A000408,,,Zam_21_22,11/01/2021,05/31/2022,111,149,5708289a-8cfb-48bf-b385-3bcc9cb96cfa
Makulu_plot_9_21-22,09/02/2021,03/02/2022,21,28.24927,-15.54975,A000784,,,Zam_21_22,11/01/2021,05/31/2022,111,149,f94b3be1-fc79-4423-94a3-d07f2c916323
Makulu_plot_9_21-22,03/02/2022,07/30/2022,21,28.24927,-15.54975,A000784,,,Zam_21_22,11/01/2021,05/31/2022,111,149,f94b3be1-fc79-4423-94a3-d07f2c916323
Mufulira_farmer,09/02/2020,03/02/2021,9,28.15108,-12.62577,A000693,A000434,,Zam_20_21,11/01/2020,05/31/2021,85,131,eac77c6f-57ba-43a5-9ed4-692ce86ae7e8
Mufulira_farmer,03/02/2021,07/30/2021,9,28.15108,-12.62577,A000693,A000434,,Zam_20_21,11/01/2020,05/31/2021,85,131,eac77c6f-57ba-43a5-9ed4-692ce86ae7e8
Mufulira_plot_1,09/02/2020,03/02/2021,7,28.14757,-12.61372,A000793,A000477,,Zam_20_21,11/01/2020,05/31/2021,84,118,9fcd27df-842f-4f81-80f1-e0d404a61afd
Mufulira_plot_1,03/02/2021,07/30/2021,7,28.14757,-12.61372,A000793,A000477,,Zam_20_21,11/01/2020,05/31/2021,84,118,9fcd27df-842f-4f81-80f1-e0d404a61afd
Mufulira_plot_5,09/02/2020,03/02/2021,8,28.14746,-12.61358,A000407,,,Zam_20_21,11/01/2020,05/31/2021,84,118,f4672a18-15f7-4283-bb82-68df66856cbe
Mufulira_plot_5,03/02/2021,07/30/2021,8,28.14746,-12.61358,A000407,,,Zam_20_21,11/01/2020,05/31/2021,84,118,f4672a18-15f7-4283-bb82-68df66856cbe
planet_C003002,11/02/2019,05/02/2020,140,-100.7710541,41.08688204,C003002,,,planet,01/01/2020,12/31/2020,225,250,927f6649-465e-481d-b9fc-31d96fabd1c5
planet_C003002,05/02/2020,11/02/2020,140,-100.7710541,41.08688204,C003002,,,planet,01/01/2020,12/31/2020,225,250,927f6649-465e-481d-b9fc-31d96fabd1c5
planet_C003002,11/02/2020,03/01/2021,140,-100.7710541,41.08688204,C003002,,,planet,01/01/2020,12/31/2020,225,250,927f6649-465e-481d-b9fc-31d96fabd1c5
planet_C003060,11/02/2019,05/02/2020,125,-100.7705569,41.08750774,C003060,,,planet,01/01/2020,12/31/2020,225,250,6e2d0902-4b19-420b-8b92-31fda6544f13
planet_C003060,05/02/2020,11/02/2020,125,-100.7705569,41.08750774,C003060,,,planet,01/01/2020,12/31/2020,225,250,6e2d0902-4b19-420b-8b92-31fda6544f13
planet_C003060,11/02/2020,03/01/2021,125,-100.7705569,41.08750774,C003060,,,planet,01/01/2020,12/31/2020,225,250,6e2d0902-4b19-420b-8b92-31fda6544f13
planet_C003110,11/02/2019,05/02/2020,77,-121.7985622,38.53718525,C003110,,,planet,01/01/2020,12/31/2020,250,250,f6e69bca-9f95-478b-b3e5-f214623f3643
planet_C003110,05/02/2020,11/02/2020,77,-121.7985622,38.53718525,C003110,,,planet,01/01/2020,12/31/2020,250,250,f6e69bca-9f95-478b-b3e5-f214623f3643
planet_C003110,11/02/2020,03/01/2021,77,-121.7985622,38.53718525,C003110,,,planet,01/01/2020,12/31/2020,250,250,f6e69bca-9f95-478b-b3e5-f214623f3643
planet_C003129,11/02/2019,05/02/2020,136,-100.7709452,41.08751408,C003129,,,planet,01/01/2020,12/31/2020,225,250,8abeae97-5237-474a-aba5-7e37f8434103
planet_C003129,05/02/2020,11/02/2020,136,-100.7709452,41.08751408,C003129,,,planet,01/01/2020,12/31/2020,225,250,8abeae97-5237-474a-aba5-7e37f8434103
planet_C003129,11/02/2020,03/01/2021,136,-100.7709452,41.08751408,C003129,,,planet,01/01/2020,12/31/2020,225,250,8abeae97-5237-474a-aba5-7e37f8434103
planet_C003136,11/02/2019,05/02/2020,137,-100.770947,41.087509,C003136,,,planet,01/01/2020,12/31/2020,225,250,f7eb2225-8607-4eee-88b7-3105d5051cd2
planet_C003136,05/02/2020,11/02/2020,137,-100.770947,41.087509,C003136,,,planet,01/01/2020,12/31/2020,225,250,f7eb2225-8607-4eee-88b7-3105d5051cd2
planet_C003136,11/02/2020,03/01/2021,137,-100.770947,41.087509,C003136,,,planet,01/01/2020,12/31/2020,225,250,f7eb2225-8607-4eee-88b7-3105d5051cd2
planet_C003142,11/02/2019,05/02/2020,123,-100.771171,41.0875299,C003142,,,planet,01/01/2020,12/31/2020,225,250,0940a648-18bb-46a1-bf50-999e7894aac5
planet_C003142,05/02/2020,11/02/2020,123,-100.771171,41.0875299,C003142,,,planet,01/01/2020,12/31/2020,225,250,0940a648-18bb-46a1-bf50-999e7894aac5
planet_C003142,11/02/2020,03/01/2021,123,-100.771171,41.0875299,C003142,,,planet,01/01/2020,12/31/2020,225,250,0940a648-18bb-46a1-bf50-999e7894aac5
planet_C003151,11/02/2019,05/02/2020,138,-100.7705675,41.08754215,C003151,,,planet,01/01/2020,12/31/2020,225,250,08873b53-1c4c-4e2c-8267-29680c658b09
planet_C003151,05/02/2020,11/02/2020,138,-100.7705675,41.08754215,C003151,,,planet,01/01/2020,12/31/2020,225,250,08873b53-1c4c-4e2c-8267-29680c658b09
planet_C003151,11/02/2020,03/01/2021,138,-100.7705675,41.08754215,C003151,,,planet,01/01/2020,12/31/2020,225,250,08873b53-1c4c-4e2c-8267-29680c658b09
planet_C003163,11/02/2019,05/02/2020,78,-121.7985356,38.53719944,C003163,,,planet,01/01/2020,12/31/2020,250,250,239e0b56-42ec-4fb0-8765-bfc9ffb3f77d
planet_C003163,05/02/2020,11/02/2020,78,-121.7985356,38.53719944,C003163,,,planet,01/01/2020,12/31/2020,250,250,239e0b56-42ec-4fb0-8765-bfc9ffb3f77d
planet_C003163,11/02/2020,03/01/2021,78,-121.7985356,38.53719944,C003163,,,planet,01/01/2020,12/31/2020,250,250,239e0b56-42ec-4fb0-8765-bfc9ffb3f77d
planet_C003165,11/02/2019,05/02/2020,116,-100.7708632,41.08749824,C003165,,,planet,01/01/2020,12/31/2020,225,250,f7f46d24-6f72-4b7a-a9ce-0f6a4a33681a
planet_C003165,05/02/2020,11/02/2020,116,-100.7708632,41.08749824,C003165,,,planet,01/01/2020,12/31/2020,225,250,f7f46d24-6f72-4b7a-a9ce-0f6a4a33681a
planet_C003165,11/02/2020,03/01/2021,116,-100.7708632,41.08749824,C003165,,,planet,01/01/2020,12/31/2020,225,250,f7f46d24-6f72-4b7a-a9ce-0f6a4a33681a
planet_C003179,11/02/2019,05/02/2020,133,-100.7707144,41.08752541,C003179,,,planet,01/01/2020,12/31/2020,225,250,78e8ba9d-405d-41c6-a3a0-0456cb890963
planet_C003179,05/02/2020,11/02/2020,133,-100.7707144,41.08752541,C003179,,,planet,01/01/2020,12/31/2020,225,250,78e8ba9d-405d-41c6-a3a0-0456cb890963
planet_C003179,11/02/2020,03/01/2021,133,-100.7707144,41.08752541,C003179,,,planet,01/01/2020,12/31/2020,225,250,78e8ba9d-405d-41c6-a3a0-0456cb890963
planet_C003182,11/02/2019,05/02/2020,150,-122.1141687,37.61571034,C003182,,,planet,01/01/2020,12/31/2020,246,250,33227a2c-6dd0-4d9c-bfe5-bb0b752fc0ca
planet_C003182,05/02/2020,11/02/2020,150,-122.1141687,37.61571034,C003182,,,planet,01/01/2020,12/31/2020,246,250,33227a2c-6dd0-4d9c-bfe5-bb0b752fc0ca
planet_C003182,11/02/2020,03/01/2021,150,-122.1141687,37.61571034,C003182,,,planet,01/01/2020,12/31/2020,246,250,33227a2c-6dd0-4d9c-bfe5-bb0b752fc0ca
planet_C003208,11/02/2019,05/02/2020,139,-100.770587,41.08750559,C003208,,,planet,01/01/2020,12/31/2020,225,250,2b0140e6-7e0b-4c7c-b72d-37caa380d440
planet_C003208,05/02/2020,11/02/2020,139,-100.770587,41.08750559,C003208,,,planet,01/01/2020,12/31/2020,225,250,2b0140e6-7e0b-4c7c-b72d-37caa380d440
planet_C003208,11/02/2020,03/01/2021,139,-100.770587,41.08750559,C003208,,,planet,01/01/2020,12/31/2020,225,250,2b0140e6-7e0b-4c7c-b72d-37caa380d440
planet_C003214,11/02/2019,05/02/2020,117,-100.7708379,41.08747041,C003214,,,planet,01/01/2020,12/31/2020,225,250,5b6d72f8-2ddd-453c-8378-c8065e2c9907
planet_C003214,05/02/2020,11/02/2020,117,-100.7708379,41.08747041,C003214,,,planet,01/01/2020,12/31/2020,225,250,5b6d72f8-2ddd-453c-8378-c8065e2c9907
planet_C003214,11/02/2020,03/01/2021,117,-100.7708379,41.08747041,C003214,,,planet,01/01/2020,12/31/2020,225,250,5b6d72f8-2ddd-453c-8378-c8065e2c9907
planet_C003257,11/02/2019,05/02/2020,132,-100.7707265,41.08752997,C003257,,,planet,01/01/2020,12/31/2020,225,250,d35f9416-3f9e-44ba-80ba-212a71bd3e15
planet_C003257,05/02/2020,11/02/2020,132,-100.7707265,41.08752997,C003257,,,planet,01/01/2020,12/31/2020,225,250,d35f9416-3f9e-44ba-80ba-212a71bd3e15
planet_C003257,11/02/2020,03/01/2021,132,-100.7707265,41.08752997,C003257,,,planet,01/01/2020,12/31/2020,225,250,d35f9416-3f9e-44ba-80ba-212a71bd3e15
planet_C003290,11/02/2019,05/02/2020,124,-100.7703807,41.08748582,C003290,,,planet,01/01/2020,12/31/2020,225,250,7f2b4f4e-554e-49e7-8197-3ef5c6144650
planet_C003290,05/02/2020,11/02/2020,124,-100.7703807,41.08748582,C003290,,,planet,01/01/2020,12/31/2020,225,250,7f2b4f4e-554e-49e7-8197-3ef5c6144650
planet_C003290,11/02/2020,03/01/2021,124,-100.7703807,41.08748582,C003290,,,planet,01/01/2020,12/31/2020,225,250,7f2b4f4e-554e-49e7-8197-3ef5c6144650
planet_C003291,11/02/2019,05/02/2020,151,-122.1142632,37.61569787,C003291,,,planet,01/01/2020,12/31/2020,246,250,915e1606-04e9-4f31-9f4f-52eef0281ee0
planet_C003291,05/02/2020,11/02/2020,151,-122.1142632,37.61569787,C003291,,,planet,01/01/2020,12/31/2020,246,250,915e1606-04e9-4f31-9f4f-52eef0281ee0
planet_C003291,11/02/2020,03/01/2021,151,-122.1142632,37.61569787,C003291,,,planet,01/01/2020,12/31/2020,246,250,915e1606-04e9-4f31-9f4f-52eef0281ee0
planet_C003310,11/02/2019,05/02/2020,95,-96.44435376,41.1775216,C003310,,,planet,01/01/2020,12/31/2020,229,250,7f3ee8ee-2a2b-4a57-9730-77fb22ead973
planet_C003310,05/02/2020,11/02/2020,95,-96.44435376,41.1775216,C003310,,,planet,01/01/2020,12/31/2020,229,250,7f3ee8ee-2a2b-4a57-9730-77fb22ead973
planet_C003310,11/02/2020,03/01/2021,95,-96.44435376,41.1775216,C003310,,,planet,01/01/2020,12/31/2020,229,250,7f3ee8ee-2a2b-4a57-9730-77fb22ead973
planet_C003341,11/02/2019,05/02/2020,120,-100.7713798,41.08687275,C003341,,,planet,01/01/2020,12/31/2020,225,250,df072e53-bfd8-4a96-abaa-17ca6d91b93e
planet_C003341,05/02/2020,11/02/2020,120,-100.7713798,41.08687275,C003341,,,planet,01/01/2020,12/31/2020,225,250,df072e53-bfd8-4a96-abaa-17ca6d91b93e
planet_C003341,11/02/2020,03/01/2021,120,-100.7713798,41.08687275,C003341,,,planet,01/01/2020,12/31/2020,225,250,df072e53-bfd8-4a96-abaa-17ca6d91b93e
planet_C003344,11/02/2019,05/02/2020,141,-100.771064,41.08688013,C003344,,,planet,01/01/2020,12/31/2020,225,250,61867926-df86-42b2-b917-0c9b9dd0ed8a
planet_C003344,05/02/2020,11/02/2020,141,-100.771064,41.08688013,C003344,,,planet,01/01/2020,12/31/2020,225,250,61867926-df86-42b2-b917-0c9b9dd0ed8a
planet_C003344,11/02/2020,03/01/2021,141,-100.771064,41.08688013,C003344,,,planet,01/01/2020,12/31/2020,225,250,61867926-df86-42b2-b917-0c9b9dd0ed8a
planet_C003363,11/02/2019,05/02/2020,121,-100.7713885,41.08687182,C003363,,,planet,01/01/2020,12/31/2020,225,250,b186a953-3da0-4789-9ec1-0c60e76f46ea
planet_C003363,05/02/2020,11/02/2020,121,-100.7713885,41.08687182,C003363,,,planet,01/01/2020,12/31/2020,225,250,b186a953-3da0-4789-9ec1-0c60e76f46ea
planet_C003363,11/02/2020,03/01/2021,121,-100.7713885,41.08687182,C003363,,,planet,01/01/2020,12/31/2020,225,250,b186a953-3da0-4789-9ec1-0c60e76f46ea
planet_C003366,11/02/2019,05/02/2020,122,-100.7711785,41.08749467,C003366,,,planet,01/01/2020,12/31/2020,225,250,47e31abe-e35e-446d-af7b-e997ac2c08ef
planet_C003366,05/02/2020,11/02/2020,122,-100.7711785,41.08749467,C003366,,,planet,01/01/2020,12/31/2020,225,250,47e31abe-e35e-446d-af7b-e997ac2c08ef
planet_C003366,11/02/2020,03/01/2021,122,-100.7711785,41.08749467,C003366,,,planet,01/01/2020,12/31/2020,225,250,47e31abe-e35e-446d-af7b-e997ac2c08ef
planet_C003415,11/02/2019,05/02/2020,134,-100.771587,41.086858,C003415,,,planet,01/01/2020,12/31/2020,225,250,31b9b555-c171-4e6d-a668-0b4b4bd64514
planet_C003415,05/02/2020,11/02/2020,134,-100.771587,41.086858,C003415,,,planet,01/01/2020,12/31/2020,225,250,31b9b555-c171-4e6d-a668-0b4b4bd64514
planet_C003415,11/02/2020,03/01/2021,134,-100.771587,41.086858,C003415,,,planet,01/01/2020,12/31/2020,225,250,31b9b555-c171-4e6d-a668-0b4b4bd64514
planet_C003607,11/02/2019,05/02/2020,111,-96.6076889,40.8560791,C003607,,,planet,01/01/2020,12/31/2020,201,250,10457171-91eb-4c9b-8427-40d4667093e8
planet_C003607,05/02/2020,11/02/2020,111,-96.6076889,40.8560791,C003607,,,planet,01/01/2020,12/31/2020,201,250,10457171-91eb-4c9b-8427-40d4667093e8
planet_C003607,11/02/2020,03/01/2021,111,-96.6076889,40.8560791,C003607,,,planet,01/01/2020,12/31/2020,201,250,10457171-91eb-4c9b-8427-40d4667093e8
planet_C003614,11/02/2019,05/02/2020,99,-96.44035285,41.17748952,C003614,,,planet,01/01/2020,12/31/2020,250,250,d768af49-a88a-4ff0-8fec-e651e99bbd7c
planet_C003614,05/02/2020,11/02/2020,99,-96.44035285,41.17748952,C003614,,,planet,01/01/2020,12/31/2020,250,250,d768af49-a88a-4ff0-8fec-e651e99bbd7c
planet_C003614,11/02/2020,03/01/2021,99,-96.44035285,41.17748952,C003614,,,planet,01/01/2020,12/31/2020,250,250,d768af49-a88a-4ff0-8fec-e651e99bbd7c
planet_C003721,11/02/2019,05/02/2020,64,-121.2031009,38.02338021,C003721,,,planet,01/01/2020,12/31/2020,250,250,eb6cade2-67ba-47e7-930e-d860f484dd20
planet_C003721,05/02/2020,11/02/2020,64,-121.2031009,38.02338021,C003721,,,planet,01/01/2020,12/31/2020,250,250,eb6cade2-67ba-47e7-930e-d860f484dd20
planet_C003721,11/02/2020,03/01/2021,64,-121.2031009,38.02338021,C003721,,,planet,01/01/2020,12/31/2020,250,250,eb6cade2-67ba-47e7-930e-d860f484dd20
planet_C003725,11/02/2019,05/02/2020,113,-100.7709495,41.08686976,C003725,,,planet,01/01/2020,12/31/2020,225,250,becbe026-5dd5-4bc3-9e3c-384c7b74cdd8
planet_C003725,05/02/2020,11/02/2020,113,-100.7709495,41.08686976,C003725,,,planet,01/01/2020,12/31/2020,225,250,becbe026-5dd5-4bc3-9e3c-384c7b74cdd8
planet_C003725,11/02/2020,03/01/2021,113,-100.7709495,41.08686976,C003725,,,planet,01/01/2020,12/31/2020,225,250,becbe026-5dd5-4bc3-9e3c-384c7b74cdd8
planet_C003733,11/02/2019,05/02/2020,65,-121.2030487,38.02347946,C003733,,,planet,01/01/2020,12/31/2020,250,250,da6235c4-0527-46d1-84f2-6a15672fc2c9
planet_C003733,05/02/2020,11/02/2020,65,-121.2030487,38.02347946,C003733,,,planet,01/01/2020,12/31/2020,250,250,da6235c4-0527-46d1-84f2-6a15672fc2c9
planet_C003733,11/02/2020,03/01/2021,65,-121.2030487,38.02347946,C003733,,,planet,01/01/2020,12/31/2020,250,250,da6235c4-0527-46d1-84f2-6a15672fc2c9
planet_C003737,11/02/2019,05/02/2020,70,-97.12665581,44.41085387,C003737,,,planet,01/01/2020,12/31/2020,234,250,b29fe35e-fbb0-4a92-ad83-19175bdb4501
planet_C003737,05/02/2020,11/02/2020,70,-97.12665581,44.41085387,C003737,,,planet,01/01/2020,12/31/2020,234,250,b29fe35e-fbb0-4a92-ad83-19175bdb4501
planet_C003737,11/02/2020,03/01/2021,70,-97.12665581,44.41085387,C003737,,,planet,01/01/2020,12/31/2020,234,250,b29fe35e-fbb0-4a92-ad83-19175bdb4501
planet_C003748,11/02/2019,05/02/2020,59,-121.7391525,39.45884213,C003748,,,planet,01/01/2020,12/31/2020,250,250,ac2d921c-82d4-450f-9c2e-11c2874ffd78
planet_C003748,05/02/2020,11/02/2020,59,-121.7391525,39.45884213,C003748,,,planet,01/01/2020,12/31/2020,250,250,ac2d921c-82d4-450f-9c2e-11c2874ffd78
planet_C003748,11/02/2020,03/01/2021,59,-121.7391525,39.45884213,C003748,,,planet,01/01/2020,12/31/2020,250,250,ac2d921c-82d4-450f-9c2e-11c2874ffd78
planet_C003751,11/02/2019,05/02/2020,146,-121.4997595,38.09934943,C003751,,,planet,01/01/2020,12/31/2020,250,250,9bf86dd3-fcbf-4254-98f2-a64f27a45d6e
planet_C003751,05/02/2020,11/02/2020,146,-121.4997595,38.09934943,C003751,,,planet,01/01/2020,12/31/2020,250,250,9bf86dd3-fcbf-4254-98f2-a64f27a45d6e
planet_C003751,11/02/2020,03/01/2021,146,-121.4997595,38.09934943,C003751,,,planet,01/01/2020,12/31/2020,250,250,9bf86dd3-fcbf-4254-98f2-a64f27a45d6e
planet_C003755,11/02/2019,05/02/2020,94,-96.44425883,41.17755597,C003755,,,planet,01/01/2020,12/31/2020,229,250,fad8e748-a243-47f4-b9eb-83ad32f032fa
planet_C003755,05/02/2020,11/02/2020,94,-96.44425883,41.17755597,C003755,,,planet,01/01/2020,12/31/2020,229,250,fad8e748-a243-47f4-b9eb-83ad32f032fa
planet_C003755,11/02/2020,03/01/2021,94,-96.44425883,41.17755597,C003755,,,planet,01/01/2020,12/31/2020,229,250,fad8e748-a243-47f4-b9eb-83ad32f032fa
planet_C003757,11/02/2019,05/02/2020,90,-96.46870688,41.16271874,C003757,,,planet,01/01/2020,12/31/2020,250,250,b3e10412-55c9-4de6-a003-f32397eb4004
planet_C003757,05/02/2020,11/02/2020,90,-96.46870688,41.16271874,C003757,,,planet,01/01/2020,12/31/2020,250,250,b3e10412-55c9-4de6-a003-f32397eb4004
planet_C003757,11/02/2020,03/01/2021,90,-96.46870688,41.16271874,C003757,,,planet,01/01/2020,12/31/2020,250,250,b3e10412-55c9-4de6-a003-f32397eb4004
planet_C003759,11/02/2019,05/02/2020,61,-121.738529,39.45902163,C003759,,,planet,01/01/2020,12/31/2020,250,250,a5f15245-e8b7-4d3f-a777-d7fb156e3989
planet_C003759,05/02/2020,11/02/2020,61,-121.738529,39.45902163,C003759,,,planet,01/01/2020,12/31/2020,250,250,a5f15245-e8b7-4d3f-a777-d7fb156e3989
planet_C003759,11/02/2020,03/01/2021,61,-121.738529,39.45902163,C003759,,,planet,01/01/2020,12/31/2020,250,250,a5f15245-e8b7-4d3f-a777-d7fb156e3989
planet_C003766,11/02/2019,05/02/2020,75,-119.4637152,36.23502168,C003766,,,planet,01/01/2020,12/31/2020,250,250,e0b75ddc-3f19-4545-9780-742352d70558
planet_C003766,05/02/2020,11/02/2020,75,-119.4637152,36.23502168,C003766,,,planet,01/01/2020,12/31/2020,250,250,e0b75ddc-3f19-4545-9780-742352d70558
planet_C003766,11/02/2020,03/01/2021,75,-119.4637152,36.23502168,C003766,,,planet,01/01/2020,12/31/2020,250,250,e0b75ddc-3f19-4545-9780-742352d70558
planet_C003771,11/02/2019,05/02/2020,149,-121.5352646,38.10917617,C003771,,,planet,01/01/2020,12/31/2020,250,250,421a9c44-701f-43b6-8167-28a47da6d1d5
planet_C003771,05/02/2020,11/02/2020,149,-121.5352646,38.10917617,C003771,,,planet,01/01/2020,12/31/2020,250,250,421a9c44-701f-43b6-8167-28a47da6d1d5
planet_C003771,11/02/2020,03/01/2021,149,-121.5352646,38.10917617,C003771,,,planet,01/01/2020,12/31/2020,250,250,421a9c44-701f-43b6-8167-28a47da6d1d5
planet_C003781,11/02/2019,05/02/2020,98,-96.44037308,41.17748288,C003781,,,planet,01/01/2020,12/31/2020,250,250,9e925e4d-771f-4a1f-8c8d-74f5e1c51386
planet_C003781,05/02/2020,11/02/2020,98,-96.44037308,41.17748288,C003781,,,planet,01/01/2020,12/31/2020,250,250,9e925e4d-771f-4a1f-8c8d-74f5e1c51386
planet_C003781,11/02/2020,03/01/2021,98,-96.44037308,41.17748288,C003781,,,planet,01/01/2020,12/31/2020,250,250,9e925e4d-771f-4a1f-8c8d-74f5e1c51386
planet_C003789,11/02/2019,05/02/2020,145,-121.4999398,38.09957452,C003789,,,planet,01/01/2020,12/31/2020,250,250,0a8d3cdc-6f29-43dc-9f34-b69de5300d4e
planet_C003789,05/02/2020,11/02/2020,145,-121.4999398,38.09957452,C003789,,,planet,01/01/2020,12/31/2020,250,250,0a8d3cdc-6f29-43dc-9f34-b69de5300d4e
planet_C003789,11/02/2020,03/01/2021,145,-121.4999398,38.09957452,C003789,,,planet,01/01/2020,12/31/2020,250,250,0a8d3cdc-6f29-43dc-9f34-b69de5300d4e
planet_C003794,11/02/2019,05/02/2020,91,-96.46466654,41.16564855,C003794,,,planet,01/01/2020,12/31/2020,250,250,3ab1f333-c4df-49da-89be-be6011feb652
planet_C003794,05/02/2020,11/02/2020,91,-96.46466654,41.16564855,C003794,,,planet,01/01/2020,12/31/2020,250,250,3ab1f333-c4df-49da-89be-be6011feb652
planet_C003794,11/02/2020,03/01/2021,91,-96.46466654,41.16564855,C003794,,,planet,01/01/2020,12/31/2020,250,250,3ab1f333-c4df-49da-89be-be6011feb652
planet_C003798,11/02/2019,05/02/2020,67,-96.82228776,44.32321894,C003798,,,planet,01/01/2020,12/31/2020,133,200,9a1acee7-bf93-42ea-a76a-625727a0882f
planet_C003798,05/02/2020,11/02/2020,67,-96.82228776,44.32321894,C003798,,,planet,01/01/2020,12/31/2020,133,200,9a1acee7-bf93-42ea-a76a-625727a0882f
planet_C003798,11/02/2020,03/01/2021,67,-96.82228776,44.32321894,C003798,,,planet,01/01/2020,12/31/2020,133,200,9a1acee7-bf93-42ea-a76a-625727a0882f
planet_C003800,11/02/2019,05/02/2020,144,-121.4999276,38.09957644,C003800,,,planet,01/01/2020,12/31/2020,250,250,9850876b-82f3-4507-8294-d38cc5a14c79
planet_C003800,05/02/2020,11/02/2020,144,-121.4999276,38.09957644,C003800,,,planet,01/01/2020,12/31/2020,250,250,9850876b-82f3-4507-8294-d38cc5a14c79
planet_C003800,11/02/2020,03/01/2021,144,-121.4999276,38.09957644,C003800,,,planet,01/01/2020,12/31/2020,250,250,9850876b-82f3-4507-8294-d38cc5a14c79
planet_C003804,11/02/2019,05/02/2020,76,-119.4637144,36.23496277,C003804,,,planet,01/01/2020,12/31/2020,250,250,1a5d68f7-a7e6-4f34-941e-229591d6564a
planet_C003804,05/02/2020,11/02/2020,76,-119.4637144,36.23496277,C003804,,,planet,01/01/2020,12/31/2020,250,250,1a5d68f7-a7e6-4f34-941e-229591d6564a
planet_C003804,11/02/2020,03/01/2021,76,-119.4637144,36.23496277,C003804,,,planet,01/01/2020,12/31/2020,250,250,1a5d68f7-a7e6-4f34-941e-229591d6564a
planet_C003819,11/02/2019,05/02/2020,119,-100.771274,41.0875302,C003819,,,planet,01/01/2020,12/31/2020,225,250,c7a68b1a-141b-4bdd-9d16-1624812194ef
planet_C003819,05/02/2020,11/02/2020,119,-100.771274,41.0875302,C003819,,,planet,01/01/2020,12/31/2020,225,250,c7a68b1a-141b-4bdd-9d16-1624812194ef
planet_C003819,11/02/2020,03/01/2021,119,-100.771274,41.0875302,C003819,,,planet,01/01/2020,12/31/2020,225,250,c7a68b1a-141b-4bdd-9d16-1624812194ef
planet_C003824,11/02/2019,05/02/2020,104,-96.4392773,41.18204551,C003824,,,planet,01/01/2020,12/31/2020,250,250,1766cadc-3e0e-46b2-aedb-65ed3d0c820a
planet_C003824,05/02/2020,11/02/2020,104,-96.4392773,41.18204551,C003824,,,planet,01/01/2020,12/31/2020,250,250,1766cadc-3e0e-46b2-aedb-65ed3d0c820a
planet_C003824,11/02/2020,03/01/2021,104,-96.4392773,41.18204551,C003824,,,planet,01/01/2020,12/31/2020,250,250,1766cadc-3e0e-46b2-aedb-65ed3d0c820a
planet_C003849,11/02/2019,05/02/2020,100,-96.4435824,41.18220632,C003849,,,planet,01/01/2020,12/31/2020,229,250,dafbec74-ab61-4e5e-994c-c9a0b45f5993
planet_C003849,05/02/2020,11/02/2020,100,-96.4435824,41.18220632,C003849,,,planet,01/01/2020,12/31/2020,229,250,dafbec74-ab61-4e5e-994c-c9a0b45f5993
planet_C003849,11/02/2020,03/01/2021,100,-96.4435824,41.18220632,C003849,,,planet,01/01/2020,12/31/2020,229,250,dafbec74-ab61-4e5e-994c-c9a0b45f5993
planet_C003873,11/02/2019,05/02/2020,118,-100.7712817,41.08749169,C003873,,,planet,01/01/2020,12/31/2020,225,250,a91d0487-e841-4c48-b6e4-de7de0cafe2f
planet_C003873,05/02/2020,11/02/2020,118,-100.7712817,41.08749169,C003873,,,planet,01/01/2020,12/31/2020,225,250,a91d0487-e841-4c48-b6e4-de7de0cafe2f
planet_C003873,11/02/2020,03/01/2021,118,-100.7712817,41.08749169,C003873,,,planet,01/01/2020,12/31/2020,225,250,a91d0487-e841-4c48-b6e4-de7de0cafe2f
planet_C003891,11/02/2019,05/02/2020,80,-96.664182,40.83566701,C003891,,,planet,01/01/2020,12/31/2020,195,250,e9afb18b-74a5-4686-953d-d84de186348f
planet_C003891,05/02/2020,11/02/2020,80,-96.664182,40.83566701,C003891,,,planet,01/01/2020,12/31/2020,195,250,e9afb18b-74a5-4686-953d-d84de186348f
planet_C003891,11/02/2020,03/01/2021,80,-96.664182,40.83566701,C003891,,,planet,01/01/2020,12/31/2020,195,250,e9afb18b-74a5-4686-953d-d84de186348f
planet_C003895,11/02/2019,05/02/2020,109,-96.60743713,40.85406113,C003895,,,planet,01/01/2020,12/31/2020,202,250,758cba99-28a4-4501-8b8c-c6e396c8c982
planet_C003895,05/02/2020,11/02/2020,109,-96.60743713,40.85406113,C003895,,,planet,01/01/2020,12/31/2020,202,250,758cba99-28a4-4501-8b8c-c6e396c8c982
planet_C003895,11/02/2020,03/01/2021,109,-96.60743713,40.85406113,C003895,,,planet,01/01/2020,12/31/2020,202,250,758cba99-28a4-4501-8b8c-c6e396c8c982
planet_C003897,11/02/2019,05/02/2020,93,-96.46791606,41.16584305,C003897,,,planet,01/01/2020,12/31/2020,250,250,3760294a-2368-460a-93a2-8e29c405f54b
planet_C003897,05/02/2020,11/02/2020,93,-96.46791606,41.16584305,C003897,,,planet,01/01/2020,12/31/2020,250,250,3760294a-2368-460a-93a2-8e29c405f54b
planet_C003897,11/02/2020,03/01/2021,93,-96.46791606,41.16584305,C003897,,,planet,01/01/2020,12/31/2020,250,250,3760294a-2368-460a-93a2-8e29c405f54b
planet_C003908,11/02/2019,05/02/2020,82,-96.65923862,40.83034663,C003908,,,planet,01/01/2020,12/31/2020,196,250,d4b9b5e1-ead1-4e1a-a1aa-d6427e3447dc
planet_C003908,05/02/2020,11/02/2020,82,-96.65923862,40.83034663,C003908,,,planet,01/01/2020,12/31/2020,196,250,d4b9b5e1-ead1-4e1a-a1aa-d6427e3447dc
planet_C003908,11/02/2020,03/01/2021,82,-96.65923862,40.83034663,C003908,,,planet,01/01/2020,12/31/2020,196,250,d4b9b5e1-ead1-4e1a-a1aa-d6427e3447dc
planet_C003911,11/02/2019,05/02/2020,115,-100.7714884,41.08684583,C003911,,,planet,01/01/2020,12/31/2020,225,250,c127b01f-8011-439a-abbf-01a3cd38f1b4
planet_C003911,05/02/2020,11/02/2020,115,-100.7714884,41.08684583,C003911,,,planet,01/01/2020,12/31/2020,225,250,c127b01f-8011-439a-abbf-01a3cd38f1b4
planet_C003911,11/02/2020,03/01/2021,115,-100.7714884,41.08684583,C003911,,,planet,01/01/2020,12/31/2020,225,250,c127b01f-8011-439a-abbf-01a3cd38f1b4
planet_C003918,11/02/2019,05/02/2020,74,-96.76245117,44.32078171,C003918,,,planet,01/01/2020,12/31/2020,137,189,7a68d01c-7435-4036-bebb-7e9141ddacb4
planet_C003918,05/02/2020,11/02/2020,74,-96.76245117,44.32078171,C003918,,,planet,01/01/2020,12/31/2020,137,189,7a68d01c-7435-4036-bebb-7e9141ddacb4
planet_C003918,11/02/2020,03/01/2021,74,-96.76245117,44.32078171,C003918,,,planet,01/01/2020,12/31/2020,137,189,7a68d01c-7435-4036-bebb-7e9141ddacb4
planet_C003919,11/02/2019,05/02/2020,131,-100.77172,41.08688318,C003919,,,planet,01/01/2020,12/31/2020,225,250,a6f01c5e-30d0-4f5a-9f05-cf9876f1c7a9
planet_C003919,05/02/2020,11/02/2020,131,-100.77172,41.08688318,C003919,,,planet,01/01/2020,12/31/2020,225,250,a6f01c5e-30d0-4f5a-9f05-cf9876f1c7a9
planet_C003919,11/02/2020,03/01/2021,131,-100.77172,41.08688318,C003919,,,planet,01/01/2020,12/31/2020,225,250,a6f01c5e-30d0-4f5a-9f05-cf9876f1c7a9
planet_C003923,11/02/2019,05/02/2020,84,-96.48066237,41.16436071,C003923,,,planet,01/01/2020,12/31/2020,250,250,f4c35f41-e1fb-4514-ba08-81b684713fe6
planet_C003923,05/02/2020,11/02/2020,84,-96.48066237,41.16436071,C003923,,,planet,01/01/2020,12/31/2020,250,250,f4c35f41-e1fb-4514-ba08-81b684713fe6
planet_C003923,11/02/2020,03/01/2021,84,-96.48066237,41.16436071,C003923,,,planet,01/01/2020,12/31/2020,250,250,f4c35f41-e1fb-4514-ba08-81b684713fe6
planet_C003924,11/02/2019,05/02/2020,105,-96.43930824,41.18205041,C003924,,,planet,01/01/2020,12/31/2020,250,250,8766fb37-e69c-4d6b-b523-1e298114f6c2
planet_C003924,05/02/2020,11/02/2020,105,-96.43930824,41.18205041,C003924,,,planet,01/01/2020,12/31/2020,250,250,8766fb37-e69c-4d6b-b523-1e298114f6c2
planet_C003924,11/02/2020,03/01/2021,105,-96.43930824,41.18205041,C003924,,,planet,01/01/2020,12/31/2020,250,250,8766fb37-e69c-4d6b-b523-1e298114f6c2
planet_C003937,11/02/2019,05/02/2020,81,-96.65920771,40.83030494,C003937,,,planet,01/01/2020,12/31/2020,196,250,44c88c67-8531-4e37-9d00-947781bc3e03
planet_C003937,05/02/2020,11/02/2020,81,-96.65920771,40.83030494,C003937,,,planet,01/01/2020,12/31/2020,196,250,44c88c67-8531-4e37-9d00-947781bc3e03
planet_C003937,11/02/2020,03/01/2021,81,-96.65920771,40.83030494,C003937,,,planet,01/01/2020,12/31/2020,196,250,44c88c67-8531-4e37-9d00-947781bc3e03
planet_C003938,11/02/2019,05/02/2020,103,-96.44201275,41.18203172,C003938,,,planet,01/01/2020,12/31/2020,230,250,9fb19c08-2e40-480a-9ee5-63172789d2fb
planet_C003938,05/02/2020,11/02/2020,103,-96.44201275,41.18203172,C003938,,,planet,01/01/2020,12/31/2020,230,250,9fb19c08-2e40-480a-9ee5-63172789d2fb
planet_C003938,11/02/2020,03/01/2021,103,-96.44201275,41.18203172,C003938,,,planet,01/01/2020,12/31/2020,230,250,9fb19c08-2e40-480a-9ee5-63172789d2fb
planet_C003939,11/02/2019,05/02/2020,102,-96.44205454,41.18204474,C003939,,,planet,01/01/2020,12/31/2020,230,250,c22b554e-b700-460a-af4e-a253e1c4a338
planet_C003939,05/02/2020,11/02/2020,102,-96.44205454,41.18204474,C003939,,,planet,01/01/2020,12/31/2020,230,250,c22b554e-b700-460a-af4e-a253e1c4a338
planet_C003939,11/02/2020,03/01/2021,102,-96.44205454,41.18204474,C003939,,,planet,01/01/2020,12/31/2020,230,250,c22b554e-b700-460a-af4e-a253e1c4a338
planet_C003942,11/02/2019,05/02/2020,86,-96.47975922,41.16748047,C003942,,,planet,01/01/2020,12/31/2020,250,250,1df77076-0df6-4a26-aef5-540e3f620c04
planet_C003942,05/02/2020,11/02/2020,86,-96.47975922,41.16748047,C003942,,,planet,01/01/2020,12/31/2020,250,250,1df77076-0df6-4a26-aef5-540e3f620c04
planet_C003942,11/02/2020,03/01/2021,86,-96.47975922,41.16748047,C003942,,,planet,01/01/2020,12/31/2020,250,250,1df77076-0df6-4a26-aef5-540e3f620c04
planet_C003944,11/02/2019,05/02/2020,97,-96.44290352,41.17754854,C003944,,,planet,01/01/2020,12/31/2020,229,250,b0f74123-b544-4e52-827e-3410a628b383
planet_C003944,05/02/2020,11/02/2020,97,-96.44290352,41.17754854,C003944,,,planet,01/01/2020,12/31/2020,229,250,b0f74123-b544-4e52-827e-3410a628b383
planet_C003944,11/02/2020,03/01/2021,97,-96.44290352,41.17754854,C003944,,,planet,01/01/2020,12/31/2020,229,250,b0f74123-b544-4e52-827e-3410a628b383
planet_C003946,11/02/2019,05/02/2020,63,-121.2031479,38.0234108,C003946,,,planet,01/01/2020,12/31/2020,250,250,2532770c-5f5b-4a27-ad10-ba55199dec22
planet_C003946,05/02/2020,11/02/2020,63,-121.2031479,38.0234108,C003946,,,planet,01/01/2020,12/31/2020,250,250,2532770c-5f5b-4a27-ad10-ba55199dec22
planet_C003946,11/02/2020,03/01/2021,63,-121.2031479,38.0234108,C003946,,,planet,01/01/2020,12/31/2020,250,250,2532770c-5f5b-4a27-ad10-ba55199dec22
planet_C003947,11/02/2019,05/02/2020,147,-121.4997332,38.09933505,C003947,,,planet,01/01/2020,12/31/2020,250,250,7e298d7e-7c7c-4de0-b8cc-9fe32a90e6cd
planet_C003947,05/02/2020,11/02/2020,147,-121.4997332,38.09933505,C003947,,,planet,01/01/2020,12/31/2020,250,250,7e298d7e-7c7c-4de0-b8cc-9fe32a90e6cd
planet_C003947,11/02/2020,03/01/2021,147,-121.4997332,38.09933505,C003947,,,planet,01/01/2020,12/31/2020,250,250,7e298d7e-7c7c-4de0-b8cc-9fe32a90e6cd
planet_C003957,11/02/2019,05/02/2020,101,-96.44349127,41.18219248,C003957,,,planet,01/01/2020,12/31/2020,230,250,e504c2da-5e11-45f4-bdc5-8eca426a653e
planet_C003957,05/02/2020,11/02/2020,101,-96.44349127,41.18219248,C003957,,,planet,01/01/2020,12/31/2020,230,250,e504c2da-5e11-45f4-bdc5-8eca426a653e
planet_C003957,11/02/2020,03/01/2021,101,-96.44349127,41.18219248,C003957,,,planet,01/01/2020,12/31/2020,230,250,e504c2da-5e11-45f4-bdc5-8eca426a653e
planet_C003960,11/02/2019,05/02/2020,127,-100.771044,41.08748509,C003960,,,planet,01/01/2020,12/31/2020,225,250,3683b231-59f0-47ae-b4f9-2925d457cdd0
planet_C003960,05/02/2020,11/02/2020,127,-100.771044,41.08748509,C003960,,,planet,01/01/2020,12/31/2020,225,250,3683b231-59f0-47ae-b4f9-2925d457cdd0
planet_C003960,11/02/2020,03/01/2021,127,-100.771044,41.08748509,C003960,,,planet,01/01/2020,12/31/2020,225,250,3683b231-59f0-47ae-b4f9-2925d457cdd0
planet_C003961,11/02/2019,05/02/2020,112,-100.7709436,41.08686318,C003961,,,planet,01/01/2020,12/31/2020,225,250,a297fb64-122f-4dda-8115-fefa482a5e6c
planet_C003961,05/02/2020,11/02/2020,112,-100.7709436,41.08686318,C003961,,,planet,01/01/2020,12/31/2020,225,250,a297fb64-122f-4dda-8115-fefa482a5e6c
planet_C003961,11/02/2020,03/01/2021,112,-100.7709436,41.08686318,C003961,,,planet,01/01/2020,12/31/2020,225,250,a297fb64-122f-4dda-8115-fefa482a5e6c
planet_C003962,11/02/2019,05/02/2020,110,-96.60771942,40.8560791,C003962,,,planet,01/01/2020,12/31/2020,201,250,15bfb0f0-638b-472f-a521-c03b10c0240b
planet_C003962,05/02/2020,11/02/2020,110,-96.60771942,40.8560791,C003962,,,planet,01/01/2020,12/31/2020,201,250,15bfb0f0-638b-472f-a521-c03b10c0240b
planet_C003962,11/02/2020,03/01/2021,110,-96.60771942,40.8560791,C003962,,,planet,01/01/2020,12/31/2020,201,250,15bfb0f0-638b-472f-a521-c03b10c0240b
planet_C003963,11/02/2019,05/02/2020,143,-100.7711831,41.08685257,C003963,,,planet,01/01/2020,12/31/2020,225,250,ac33982b-0b1a-4e49-bc66-64596cb1671a
planet_C003963,05/02/2020,11/02/2020,143,-100.7711831,41.08685257,C003963,,,planet,01/01/2020,12/31/2020,225,250,ac33982b-0b1a-4e49-bc66-64596cb1671a
planet_C003963,11/02/2020,03/01/2021,143,-100.7711831,41.08685257,C003963,,,planet,01/01/2020,12/31/2020,225,250,ac33982b-0b1a-4e49-bc66-64596cb1671a
planet_C003969,11/02/2019,05/02/2020,66,-96.82443388,44.32266291,C003969,,,planet,01/01/2020,12/31/2020,132,198,da921dfe-a23c-491b-94ff-d71e84e042a5
planet_C003969,05/02/2020,11/02/2020,66,-96.82443388,44.32266291,C003969,,,planet,01/01/2020,12/31/2020,132,198,da921dfe-a23c-491b-94ff-d71e84e042a5
planet_C003969,11/02/2020,03/01/2021,66,-96.82443388,44.32266291,C003969,,,planet,01/01/2020,12/31/2020,132,198,da921dfe-a23c-491b-94ff-d71e84e042a5
planet_C003987,11/02/2019,05/02/2020,69,-97.12820468,44.41059138,C003987,,,planet,01/01/2020,12/31/2020,234,250,594afc93-91bc-4ace-8b42-b00210f93e25
planet_C003987,05/02/2020,11/02/2020,69,-97.12820468,44.41059138,C003987,,,planet,01/01/2020,12/31/2020,234,250,594afc93-91bc-4ace-8b42-b00210f93e25
planet_C003987,11/02/2020,03/01/2021,69,-97.12820468,44.41059138,C003987,,,planet,01/01/2020,12/31/2020,234,250,594afc93-91bc-4ace-8b42-b00210f93e25
planet_C004022,11/02/2019,05/02/2020,68,-97.12815198,44.41060399,C004022,,,planet,01/01/2020,12/31/2020,234,250,4e094cf3-14b1-4dd6-8e9d-ea7dad90000b
planet_C004022,05/02/2020,11/02/2020,68,-97.12815198,44.41060399,C004022,,,planet,01/01/2020,12/31/2020,234,250,4e094cf3-14b1-4dd6-8e9d-ea7dad90000b
planet_C004022,11/02/2020,03/01/2021,68,-97.12815198,44.41060399,C004022,,,planet,01/01/2020,12/31/2020,234,250,4e094cf3-14b1-4dd6-8e9d-ea7dad90000b
planet_C004115,11/02/2019,05/02/2020,130,-100.7717413,41.0868577,C004115,,,planet,01/01/2020,12/31/2020,225,250,63853495-9cf9-4a0a-a502-b9050f9b30cf
planet_C004115,05/02/2020,11/02/2020,130,-100.7717413,41.0868577,C004115,,,planet,01/01/2020,12/31/2020,225,250,63853495-9cf9-4a0a-a502-b9050f9b30cf
planet_C004115,11/02/2020,03/01/2021,130,-100.7717413,41.0868577,C004115,,,planet,01/01/2020,12/31/2020,225,250,63853495-9cf9-4a0a-a502-b9050f9b30cf
planet_C004140,11/02/2019,05/02/2020,88,-96.47178782,41.16285203,C004140,,,planet,01/01/2020,12/31/2020,250,250,1b3d4331-cf4b-4d99-a3a8-5fad6c0a549a
planet_C004140,05/02/2020,11/02/2020,88,-96.47178782,41.16285203,C004140,,,planet,01/01/2020,12/31/2020,250,250,1b3d4331-cf4b-4d99-a3a8-5fad6c0a549a
planet_C004140,11/02/2020,03/01/2021,88,-96.47178782,41.16285203,C004140,,,planet,01/01/2020,12/31/2020,250,250,1b3d4331-cf4b-4d99-a3a8-5fad6c0a549a
planet_C004151,11/02/2019,05/02/2020,73,-96.7621239,44.32176167,C004151,,,planet,01/01/2020,12/31/2020,137,188,c1133474-35db-468f-935a-7cee94ede81d
planet_C004151,05/02/2020,11/02/2020,73,-96.7621239,44.32176167,C004151,,,planet,01/01/2020,12/31/2020,137,188,c1133474-35db-468f-935a-7cee94ede81d
planet_C004151,11/02/2020,03/01/2021,73,-96.7621239,44.32176167,C004151,,,planet,01/01/2020,12/31/2020,137,188,c1133474-35db-468f-935a-7cee94ede81d
planet_C004180,11/02/2019,05/02/2020,106,-96.47897012,41.17511136,C004180,,,planet,01/01/2020,12/31/2020,205,250,d330400c-eb1e-4886-87dc-4f6d9c2a6503
planet_C004180,05/02/2020,11/02/2020,106,-96.47897012,41.17511136,C004180,,,planet,01/01/2020,12/31/2020,205,250,d330400c-eb1e-4886-87dc-4f6d9c2a6503
planet_C004180,11/02/2020,03/01/2021,106,-96.47897012,41.17511136,C004180,,,planet,01/01/2020,12/31/2020,205,250,d330400c-eb1e-4886-87dc-4f6d9c2a6503
planet_C004182,11/02/2019,05/02/2020,129,-100.7712228,41.08685547,C004182,,,planet,01/01/2020,12/31/2020,225,250,d6005d24-464e-4f85-864f-8f84f28eadb3
planet_C004182,05/02/2020,11/02/2020,129,-100.7712228,41.08685547,C004182,,,planet,01/01/2020,12/31/2020,225,250,d6005d24-464e-4f85-864f-8f84f28eadb3
planet_C004182,11/02/2020,03/01/2021,129,-100.7712228,41.08685547,C004182,,,planet,01/01/2020,12/31/2020,225,250,d6005d24-464e-4f85-864f-8f84f28eadb3
planet_C004194,11/02/2019,05/02/2020,83,-96.48156738,41.16437912,C004194,,,planet,01/01/2020,12/31/2020,250,250,ce5d345d-e42c-4cd1-83cb-58aa78197d56
planet_C004194,05/02/2020,11/02/2020,83,-96.48156738,41.16437912,C004194,,,planet,01/01/2020,12/31/2020,250,250,ce5d345d-e42c-4cd1-83cb-58aa78197d56
planet_C004194,11/02/2020,03/01/2021,83,-96.48156738,41.16437912,C004194,,,planet,01/01/2020,12/31/2020,250,250,ce5d345d-e42c-4cd1-83cb-58aa78197d56
planet_C004201,11/02/2019,05/02/2020,85,-96.47881449,41.16426629,C004201,,,planet,01/01/2020,12/31/2020,250,250,eed0f620-1b29-422d-8e23-45ac4eae1fff
planet_C004201,05/02/2020,11/02/2020,85,-96.47881449,41.16426629,C004201,,,planet,01/01/2020,12/31/2020,250,250,eed0f620-1b29-422d-8e23-45ac4eae1fff
planet_C004201,11/02/2020,03/01/2021,85,-96.47881449,41.16426629,C004201,,,planet,01/01/2020,12/31/2020,250,250,eed0f620-1b29-422d-8e23-45ac4eae1fff
planet_C004203,11/02/2019,05/02/2020,72,-97.12658534,44.4111964,C004203,,,planet,01/01/2020,12/31/2020,234,250,a67d87b8-0e05-4bcf-bb70-88817b90926e
planet_C004203,05/02/2020,11/02/2020,72,-97.12658534,44.4111964,C004203,,,planet,01/01/2020,12/31/2020,234,250,a67d87b8-0e05-4bcf-bb70-88817b90926e
planet_C004203,11/02/2020,03/01/2021,72,-97.12658534,44.4111964,C004203,,,planet,01/01/2020,12/31/2020,234,250,a67d87b8-0e05-4bcf-bb70-88817b90926e
planet_C004213,11/02/2019,05/02/2020,60,-121.7385225,39.45904896,C004213,,,planet,01/01/2020,12/31/2020,250,250,972159da-94d7-4fd3-97e9-f2cd6b93997b
planet_C004213,05/02/2020,11/02/2020,60,-121.7385225,39.45904896,C004213,,,planet,01/01/2020,12/31/2020,250,250,972159da-94d7-4fd3-97e9-f2cd6b93997b
planet_C004213,11/02/2020,03/01/2021,60,-121.7385225,39.45904896,C004213,,,planet,01/01/2020,12/31/2020,250,250,972159da-94d7-4fd3-97e9-f2cd6b93997b
planet_C004247,11/02/2019,05/02/2020,62,-121.2030992,38.02343175,C004247,,,planet,01/01/2020,12/31/2020,250,250,b22f0e34-609e-4976-b36c-bc26f8d62eb9
planet_C004247,05/02/2020,11/02/2020,62,-121.2030992,38.02343175,C004247,,,planet,01/01/2020,12/31/2020,250,250,b22f0e34-609e-4976-b36c-bc26f8d62eb9
planet_C004247,11/02/2020,03/01/2021,62,-121.2030992,38.02343175,C004247,,,planet,01/01/2020,12/31/2020,250,250,b22f0e34-609e-4976-b36c-bc26f8d62eb9
planet_C004251,11/02/2019,05/02/2020,58,-121.7391573,39.45888431,C004251,,,planet,01/01/2020,12/31/2020,250,250,e6b2d8cc-4bd4-40d3-8cb6-3a1457e4c982
planet_C004251,05/02/2020,11/02/2020,58,-121.7391573,39.45888431,C004251,,,planet,01/01/2020,12/31/2020,250,250,e6b2d8cc-4bd4-40d3-8cb6-3a1457e4c982
planet_C004251,11/02/2020,03/01/2021,58,-121.7391573,39.45888431,C004251,,,planet,01/01/2020,12/31/2020,250,250,e6b2d8cc-4bd4-40d3-8cb6-3a1457e4c982
planet_C004256,11/02/2019,05/02/2020,87,-96.47865384,41.16747128,C004256,,,planet,01/01/2020,12/31/2020,250,250,2ccbf825-7713-41ed-9ee2-134a99cc0654
planet_C004256,05/02/2020,11/02/2020,87,-96.47865384,41.16747128,C004256,,,planet,01/01/2020,12/31/2020,250,250,2ccbf825-7713-41ed-9ee2-134a99cc0654
planet_C004256,11/02/2020,03/01/2021,87,-96.47865384,41.16747128,C004256,,,planet,01/01/2020,12/31/2020,250,250,2ccbf825-7713-41ed-9ee2-134a99cc0654
planet_C004271,11/02/2019,05/02/2020,71,-96.78511025,44.31456813,C004271,,,planet,01/01/2020,12/31/2020,131,182,3963490d-58ac-4189-9de5-59d43d0d8420
planet_C004271,05/02/2020,11/02/2020,71,-96.78511025,44.31456813,C004271,,,planet,01/01/2020,12/31/2020,131,182,3963490d-58ac-4189-9de5-59d43d0d8420
planet_C004271,11/02/2020,03/01/2021,71,-96.78511025,44.31456813,C004271,,,planet,01/01/2020,12/31/2020,131,182,3963490d-58ac-4189-9de5-59d43d0d8420
planet_C004272,11/02/2019,05/02/2020,107,-96.47895253,41.17510979,C004272,,,planet,01/01/2020,12/31/2020,205,250,18a809be-c577-4028-bb9f-82813745070b
planet_C004272,05/02/2020,11/02/2020,107,-96.47895253,41.17510979,C004272,,,planet,01/01/2020,12/31/2020,205,250,18a809be-c577-4028-bb9f-82813745070b
planet_C004272,11/02/2020,03/01/2021,107,-96.47895253,41.17510979,C004272,,,planet,01/01/2020,12/31/2020,205,250,18a809be-c577-4028-bb9f-82813745070b
planet_C004290,11/02/2019,05/02/2020,96,-96.44294434,41.17754475,C004290,,,planet,01/01/2020,12/31/2020,229,250,3db773b4-1029-43cb-8eae-4416e6247f9f
planet_C004290,05/02/2020,11/02/2020,96,-96.44294434,41.17754475,C004290,,,planet,01/01/2020,12/31/2020,229,250,3db773b4-1029-43cb-8eae-4416e6247f9f
planet_C004290,11/02/2020,03/01/2021,96,-96.44294434,41.17754475,C004290,,,planet,01/01/2020,12/31/2020,229,250,3db773b4-1029-43cb-8eae-4416e6247f9f
planet_C004318,11/02/2019,05/02/2020,148,-121.5352587,38.10919185,C004318,,,planet,01/01/2020,12/31/2020,250,250,a21a84ca-e3a1-4472-895c-46937f65a734
planet_C004318,05/02/2020,11/02/2020,148,-121.5352587,38.10919185,C004318,,,planet,01/01/2020,12/31/2020,250,250,a21a84ca-e3a1-4472-895c-46937f65a734
planet_C004318,11/02/2020,03/01/2021,148,-121.5352587,38.10919185,C004318,,,planet,01/01/2020,12/31/2020,250,250,a21a84ca-e3a1-4472-895c-46937f65a734
planet_C004327,11/02/2019,05/02/2020,79,-96.66422622,40.83564881,C004327,,,planet,01/01/2020,12/31/2020,195,250,fac6a883-04c6-440e-964c-4013091f0211
planet_C004327,05/02/2020,11/02/2020,79,-96.66422622,40.83564881,C004327,,,planet,01/01/2020,12/31/2020,195,250,fac6a883-04c6-440e-964c-4013091f0211
planet_C004327,11/02/2020,03/01/2021,79,-96.66422622,40.83564881,C004327,,,planet,01/01/2020,12/31/2020,195,250,fac6a883-04c6-440e-964c-4013091f0211
planet_C004334,11/02/2019,05/02/2020,89,-96.47059802,41.16249323,C004334,,,planet,01/01/2020,12/31/2020,250,250,92c655e4-fd8b-4dfc-a5c6-9bc2174d6a42
planet_C004334,05/02/2020,11/02/2020,89,-96.47059802,41.16249323,C004334,,,planet,01/01/2020,12/31/2020,250,250,92c655e4-fd8b-4dfc-a5c6-9bc2174d6a42
planet_C004334,11/02/2020,03/01/2021,89,-96.47059802,41.16249323,C004334,,,planet,01/01/2020,12/31/2020,250,250,92c655e4-fd8b-4dfc-a5c6-9bc2174d6a42
planet_C004336,11/02/2019,05/02/2020,128,-100.7712754,41.08686415,C004336,,,planet,01/01/2020,12/31/2020,225,250,38698489-d130-4d91-be66-4058d514b2aa
planet_C004336,05/02/2020,11/02/2020,128,-100.7712754,41.08686415,C004336,,,planet,01/01/2020,12/31/2020,225,250,38698489-d130-4d91-be66-4058d514b2aa
planet_C004336,11/02/2020,03/01/2021,128,-100.7712754,41.08686415,C004336,,,planet,01/01/2020,12/31/2020,225,250,38698489-d130-4d91-be66-4058d514b2aa
planet_C004339,11/02/2019,05/02/2020,108,-96.60738373,40.85401917,C004339,,,planet,01/01/2020,12/31/2020,202,250,97a6c503-8bba-4c92-b286-957056cc01d8
planet_C004339,05/02/2020,11/02/2020,108,-96.60738373,40.85401917,C004339,,,planet,01/01/2020,12/31/2020,202,250,97a6c503-8bba-4c92-b286-957056cc01d8
planet_C004339,11/02/2020,03/01/2021,108,-96.60738373,40.85401917,C004339,,,planet,01/01/2020,12/31/2020,202,250,97a6c503-8bba-4c92-b286-957056cc01d8
planet_C004342,11/02/2019,05/02/2020,142,-100.7711831,41.0868619,C004342,,,planet,01/01/2020,12/31/2020,225,250,a29b6fd2-6202-4c1e-b37f-4e3f38d3e034
planet_C004342,05/02/2020,11/02/2020,142,-100.7711831,41.0868619,C004342,,,planet,01/01/2020,12/31/2020,225,250,a29b6fd2-6202-4c1e-b37f-4e3f38d3e034
planet_C004342,11/02/2020,03/01/2021,142,-100.7711831,41.0868619,C004342,,,planet,01/01/2020,12/31/2020,225,250,a29b6fd2-6202-4c1e-b37f-4e3f38d3e034
planet_C004344,11/02/2019,05/02/2020,114,-100.7715292,41.0868552,C004344,,,planet,01/01/2020,12/31/2020,225,250,00f50d32-80f9-4cd1-9275-655552a30627
planet_C004344,05/02/2020,11/02/2020,114,-100.7715292,41.0868552,C004344,,,planet,01/01/2020,12/31/2020,225,250,00f50d32-80f9-4cd1-9275-655552a30627
planet_C004344,11/02/2020,03/01/2021,114,-100.7715292,41.0868552,C004344,,,planet,01/01/2020,12/31/2020,225,250,00f50d32-80f9-4cd1-9275-655552a30627
planet_C004345,11/02/2019,05/02/2020,135,-100.7715673,41.08689927,C004345,,,planet,01/01/2020,12/31/2020,225,250,3612e4a4-917e-4578-8e26-f4e6fa8e81e9
planet_C004345,05/02/2020,11/02/2020,135,-100.7715673,41.08689927,C004345,,,planet,01/01/2020,12/31/2020,225,250,3612e4a4-917e-4578-8e26-f4e6fa8e81e9
planet_C004345,11/02/2020,03/01/2021,135,-100.7715673,41.08689927,C004345,,,planet,01/01/2020,12/31/2020,225,250,3612e4a4-917e-4578-8e26-f4e6fa8e81e9
planet_C004347,11/02/2019,05/02/2020,92,-96.46691642,41.16560016,C004347,,,planet,01/01/2020,12/31/2020,250,250,dbf2a3b1-9b55-4330-a186-76cc8faca037
planet_C004347,05/02/2020,11/02/2020,92,-96.46691642,41.16560016,C004347,,,planet,01/01/2020,12/31/2020,250,250,dbf2a3b1-9b55-4330-a186-76cc8faca037
planet_C004347,11/02/2020,03/01/2021,92,-96.46691642,41.16560016,C004347,,,planet,01/01/2020,12/31/2020,250,250,dbf2a3b1-9b55-4330-a186-76cc8faca037
planet_C004349,11/02/2019,05/02/2020,126,-100.7710863,41.0874754,C004349,,,planet,01/01/2020,12/31/2020,225,250,cdb1407d-ca75-4a42-b7da-767b6776371e
planet_C004349,05/02/2020,11/02/2020,126,-100.7710863,41.0874754,C004349,,,planet,01/01/2020,12/31/2020,225,250,cdb1407d-ca75-4a42-b7da-767b6776371e
planet_C004349,11/02/2020,03/01/2021,126,-100.7710863,41.0874754,C004349,,,planet,01/01/2020,12/31/2020,225,250,cdb1407d-ca75-4a42-b7da-767b6776371e
whittier_downslope_2018,04/02/2018,10/02/2018,154,-71.80552,42.12291,A000667,A000671,A000680,whittier_18_20,06/01/2018,10/31/2018,48,24,1e0e0b01-f4bd-4bfa-b537-4e2647f3f573
whittier_downslope_2018,10/02/2018,12/30/2018,154,-71.80552,42.12291,A000667,A000671,A000680,whittier_18_20,06/01/2018,10/31/2018,48,24,1e0e0b01-f4bd-4bfa-b537-4e2647f3f573
whittier_downslope_2019,04/02/2019,10/02/2019,157,-71.80552,42.12291,A000667,A000671,A000680,whittier_18_20,06/01/2019,10/31/2019,216,85,2556b1db-545b-424d-b940-f12c177bef3e
whittier_downslope_2019,10/02/2019,12/30/2019,157,-71.80552,42.12291,A000667,A000671,A000680,whittier_18_20,06/01/2019,10/31/2019,216,85,2556b1db-545b-424d-b940-f12c177bef3e
whittier_downslope_2020,04/02/2020,10/02/2020,160,-71.80552,42.12291,A000667,A000671,A000680,whittier_18_20,06/01/2020,10/31/2020,112,55,d3828bbd-1bf8-4dde-ab25-ffe9f686078b
whittier_downslope_2020,10/02/2020,12/30/2020,160,-71.80552,42.12291,A000667,A000671,A000680,whittier_18_20,06/01/2020,10/31/2020,112,55,d3828bbd-1bf8-4dde-ab25-ffe9f686078b
whittier_downslope_2021,04/02/2021,10/02/2021,163,-71.80552,42.12291,A000667,A000671,A000680,whittier_21,06/01/2021,10/31/2021,198,91,7062e927-c8a8-458e-915d-9486cdae2a74
whittier_downslope_2021,10/02/2021,12/30/2021,163,-71.80552,42.12291,A000667,A000671,A000680,whittier_21,06/01/2021,10/31/2021,198,91,7062e927-c8a8-458e-915d-9486cdae2a74
whittier_midslope_2018,04/02/2018,10/02/2018,153,-71.8065,42.12179,A000667,A000671,A000680,whittier_18_20,06/01/2018,10/31/2018,48,23,2d81c08f-3791-4924-9576-d79f7739e320
whittier_midslope_2018,10/02/2018,12/30/2018,153,-71.8065,42.12179,A000667,A000671,A000680,whittier_18_20,06/01/2018,10/31/2018,48,23,2d81c08f-3791-4924-9576-d79f7739e320
whittier_midslope_2019,04/02/2019,10/02/2019,156,-71.8065,42.12179,A000667,A000671,A000680,whittier_18_20,06/01/2019,10/31/2019,216,87,a3e054a9-528c-4e44-864a-314adf9f57c0
whittier_midslope_2019,10/02/2019,12/30/2019,156,-71.8065,42.12179,A000667,A000671,A000680,whittier_18_20,06/01/2019,10/31/2019,216,87,a3e054a9-528c-4e44-864a-314adf9f57c0
whittier_midslope_2020,04/02/2020,10/02/2020,159,-71.8065,42.12179,A000667,A000671,A000680,whittier_18_20,06/01/2020,10/31/2020,112,56,9b662535-541d-40e9-a67c-ac04a3744246
whittier_midslope_2020,10/02/2020,12/30/2020,159,-71.8065,42.12179,A000667,A000671,A000680,whittier_18_20,06/01/2020,10/31/2020,112,56,9b662535-541d-40e9-a67c-ac04a3744246
whittier_midslope_2021,04/02/2021,10/02/2021,162,-71.8065,42.12179,A000667,A000671,A000680,whittier_21,06/01/2021,10/31/2021,196,89,2082a4bf-4662-47e3-85cd-4841a8188d9e
whittier_midslope_2021,10/02/2021,12/30/2021,162,-71.8065,42.12179,A000667,A000671,A000680,whittier_21,06/01/2021,10/31/2021,196,89,2082a4bf-4662-47e3-85cd-4841a8188d9e
whittier_upslope_2018,04/02/2018,10/02/2018,152,-71.807,42.12085,A000667,A000671,A000680,whittier_18_20,06/01/2018,10/31/2018,48,23,f5e8e4b6-dcd1-4b90-9898-e867aa2a904a
whittier_upslope_2018,10/02/2018,12/30/2018,152,-71.807,42.12085,A000667,A000671,A000680,whittier_18_20,06/01/2018,10/31/2018,48,23,f5e8e4b6-dcd1-4b90-9898-e867aa2a904a
whittier_upslope_2019,04/02/2019,10/02/2019,155,-71.807,42.12085,A000667,A000671,A000680,whittier_18_20,06/01/2019,10/31/2019,216,86,b13c7367-84b1-4096-a4da-f390e7453545
whittier_upslope_2019,10/02/2019,12/30/2019,155,-71.807,42.12085,A000667,A000671,A000680,whittier_18_20,06/01/2019,10/31/2019,216,86,b13c7367-84b1-4096-a4da-f390e7453545
whittier_upslope_2020,04/02/2020,10/02/2020,158,-71.807,42.12085,A000667,A000671,A000680,whittier_18_20,06/01/2020,10/31/2020,112,56,71f01459-4e22-4774-925f-a8c2ddc66586
whittier_upslope_2020,10/02/2020,12/30/2020,158,-71.807,42.12085,A000667,A000671,A000680,whittier_18_20,06/01/2020,10/31/2020,112,56,71f01459-4e22-4774-925f-a8c2ddc66586
whittier_upslope_2021,04/02/2021,10/02/2021,161,-71.807,42.12085,A000667,A000671,A000680,whittier_21,06/01/2021,10/31/2021,196,90,28c88dd3-b452-4e9b-b7f2-24920a193f39
whittier_upslope_2021,10/02/2021,12/30/2021,161,-71.807,42.12085,A000667,A000671,A000680,whittier_21,06/01/2021,10/31/2021,196,90,28c88dd3-b452-4e9b-b7f2-24920a193f39
