"","new_start","new_end","Location"
"1",2020-09-02,2021-03-02,"Makulu_plot_13"
"2",2021-03-02,2021-07-30,"Makulu_plot_13"
"3",2020-09-02,2021-03-02,"Makulu_plot_7"
"4",2021-03-02,2021-07-30,"Makulu_plot_7"
"5",2020-09-02,2021-03-02,"Makulu_plot_3"
"6",2021-03-02,2021-07-30,"Makulu_plot_3"
"7",2020-09-02,2021-03-02,"Makulu_farmer"
"8",2021-03-02,2021-07-30,"Makulu_farmer"
"9",2020-09-02,2021-03-02,"Kabwe_plot_3"
"10",2021-03-02,2021-07-30,"Kabwe_plot_3"
"11",2020-09-02,2021-03-02,"Kabwe_plot_5"
"12",2021-03-02,2021-07-30,"Kabwe_plot_5"
"13",2020-09-02,2021-03-02,"Kabwe_farmer"
"14",2021-03-02,2021-07-30,"Kabwe_farmer"
"15",2020-09-02,2021-03-02,"Mufulira_plot_1"
"16",2021-03-02,2021-07-30,"Mufulira_plot_1"
"17",2020-09-02,2021-03-02,"Mufulira_plot_5"
"18",2021-03-02,2021-07-30,"Mufulira_plot_5"
"19",2020-09-02,2021-03-02,"Mufulira_farmer"
"20",2021-03-02,2021-07-30,"Mufulira_farmer"
"21",2020-09-02,2021-03-02,"Choma_plot_5"
"22",2021-03-02,2021-07-30,"Choma_plot_5"
"23",2020-09-02,2021-03-02,"Choma_plot_9"
"24",2021-03-02,2021-07-30,"Choma_plot_9"
"25",2020-09-02,2021-03-02,"Choma_farmer"
"26",2021-03-02,2021-07-30,"Choma_farmer"
"27",2021-09-02,2022-03-02,"Makulu_plot_1_21-22"
"28",2022-03-02,2022-07-30,"Makulu_plot_1_21-22"
"29",2021-09-02,2022-03-02,"Makulu_plot_2_21-22"
"30",2022-03-02,2022-07-30,"Makulu_plot_2_21-22"
"31",2021-09-02,2022-03-02,"Makulu_plot_3_21-22"
"32",2022-03-02,2022-07-30,"Makulu_plot_3_21-22"
"33",2021-09-02,2022-03-02,"Makulu_plot_4_21-22"
"34",2022-03-02,2022-07-30,"Makulu_plot_4_21-22"
"35",2021-09-02,2022-03-02,"Makulu_plot_5_21-22"
"36",2022-03-02,2022-07-30,"Makulu_plot_5_21-22"
"37",2021-09-02,2022-03-02,"Makulu_plot_6_21-22"
"38",2022-03-02,2022-07-30,"Makulu_plot_6_21-22"
"39",2021-09-02,2022-03-02,"Makulu_plot_7_21-22"
"40",2022-03-02,2022-07-30,"Makulu_plot_7_21-22"
"41",2021-09-02,2022-03-02,"Makulu_plot_8_21-22"
"42",2022-03-02,2022-07-30,"Makulu_plot_8_21-22"
"43",2021-09-02,2022-03-02,"Makulu_plot_9_21-22"
"44",2022-03-02,2022-07-30,"Makulu_plot_9_21-22"
"45",2017-09-02,2018-03-02,"choma_A000127"
"46",2018-03-02,2018-07-30,"choma_A000127"
"47",2017-09-02,2018-03-02,"choma_A000212"
"48",2018-03-02,2018-07-30,"choma_A000212"
"49",2017-09-02,2018-03-02,"choma_A000247"
"50",2018-03-02,2018-07-30,"choma_A000247"
"51",2017-09-02,2018-03-02,"choma_A000302"
"52",2018-03-02,2018-07-30,"choma_A000302"
"53",2017-09-02,2018-03-02,"choma_A000308"
"54",2018-03-02,2018-07-30,"choma_A000308"
"55",2017-09-02,2018-03-02,"choma_A000352"
"56",2018-03-02,2018-07-30,"choma_A000352"
"57",2017-09-02,2018-03-02,"choma_A000401"
"58",2018-03-02,2018-07-30,"choma_A000401"
"59",2017-09-02,2018-03-02,"choma_A000407"
"60",2018-03-02,2018-07-30,"choma_A000407"
"61",2017-09-02,2018-03-02,"choma_A000412"
"62",2018-03-02,2018-07-30,"choma_A000412"
"63",2017-09-02,2018-03-02,"choma_A000413"
"64",2018-03-02,2018-07-30,"choma_A000413"
"65",2017-09-02,2018-03-02,"choma_A000414"
"66",2018-03-02,2018-07-30,"choma_A000414"
"67",2017-09-02,2018-03-02,"choma_A000421"
"68",2018-03-02,2018-07-30,"choma_A000421"
"69",2017-09-02,2018-03-02,"choma_A000443"
"70",2018-03-02,2018-07-30,"choma_A000443"
"71",2017-09-02,2018-03-02,"choma_A000473"
"72",2018-03-02,2018-07-30,"choma_A000473"
"73",2017-09-02,2018-03-02,"choma_A000493"
"74",2018-03-02,2018-07-30,"choma_A000493"
"75",2017-12-31,2018-07-01,"kenya_A000551"
"76",2018-07-01,2018-12-31,"kenya_A000551"
"77",2018-12-31,2019-07-01,"kenya_A000551"
"78",2019-07-01,2019-12-31,"kenya_A000551"
"79",2019-12-31,2020-07-01,"kenya_A000551"
"80",2020-07-01,2020-12-31,"kenya_A000551"
"81",2020-12-31,2021-07-01,"kenya_A000551"
"82",2021-07-01,2021-12-31,"kenya_A000551"
"83",2021-12-31,2022-07-01,"kenya_A000551"
"84",2022-07-01,2022-12-31,"kenya_A000551"
"85",2022-12-31,2023-03-01,"kenya_A000551"
"86",2017-12-31,2018-07-01,"kenya_A000659"
"87",2018-07-01,2018-12-31,"kenya_A000659"
"88",2018-12-31,2019-07-01,"kenya_A000659"
"89",2019-07-01,2019-12-31,"kenya_A000659"
"90",2019-12-31,2020-07-01,"kenya_A000659"
"91",2020-07-01,2020-12-31,"kenya_A000659"
"92",2020-12-31,2021-07-01,"kenya_A000659"
"93",2021-07-01,2021-12-31,"kenya_A000659"
"94",2021-12-31,2022-07-01,"kenya_A000659"
"95",2022-07-01,2022-12-31,"kenya_A000659"
"96",2022-12-31,2023-03-01,"kenya_A000659"
"97",2017-12-31,2018-07-01,"kenya_A000660"
"98",2018-07-01,2018-12-31,"kenya_A000660"
"99",2018-12-31,2019-07-01,"kenya_A000660"
"100",2019-07-01,2019-12-31,"kenya_A000660"
"101",2019-12-31,2020-07-01,"kenya_A000660"
"102",2020-07-01,2020-12-31,"kenya_A000660"
"103",2020-12-31,2021-07-01,"kenya_A000660"
"104",2021-07-01,2021-12-31,"kenya_A000660"
"105",2021-12-31,2022-07-01,"kenya_A000660"
"106",2022-07-01,2022-12-31,"kenya_A000660"
"107",2022-12-31,2023-03-01,"kenya_A000660"
"108",2017-12-31,2018-07-01,"kenya_A000662"
"109",2018-07-01,2018-12-31,"kenya_A000662"
"110",2018-12-31,2019-07-01,"kenya_A000662"
"111",2019-07-01,2019-12-31,"kenya_A000662"
"112",2019-12-31,2020-07-01,"kenya_A000662"
"113",2020-07-01,2020-12-31,"kenya_A000662"
"114",2020-12-31,2021-07-01,"kenya_A000662"
"115",2021-07-01,2021-12-31,"kenya_A000662"
"116",2021-12-31,2022-07-01,"kenya_A000662"
"117",2022-07-01,2022-12-31,"kenya_A000662"
"118",2022-12-31,2023-03-01,"kenya_A000662"
"119",2017-12-31,2018-07-01,"kenya_A000669"
"120",2018-07-01,2018-12-31,"kenya_A000669"
"121",2018-12-31,2019-07-01,"kenya_A000669"
"122",2019-07-01,2019-12-31,"kenya_A000669"
"123",2019-12-31,2020-07-01,"kenya_A000669"
"124",2020-07-01,2020-12-31,"kenya_A000669"
"125",2020-12-31,2021-07-01,"kenya_A000669"
"126",2021-07-01,2021-12-31,"kenya_A000669"
"127",2021-12-31,2022-07-01,"kenya_A000669"
"128",2022-07-01,2022-12-31,"kenya_A000669"
"129",2022-12-31,2023-03-01,"kenya_A000669"
"130",2017-12-31,2018-07-01,"kenya_A000684"
"131",2018-07-01,2018-12-31,"kenya_A000684"
"132",2018-12-31,2019-07-01,"kenya_A000684"
"133",2019-07-01,2019-12-31,"kenya_A000684"
"134",2019-12-31,2020-07-01,"kenya_A000684"
"135",2020-07-01,2020-12-31,"kenya_A000684"
"136",2020-12-31,2021-07-01,"kenya_A000684"
"137",2021-07-01,2021-12-31,"kenya_A000684"
"138",2021-12-31,2022-07-01,"kenya_A000684"
"139",2022-07-01,2022-12-31,"kenya_A000684"
"140",2022-12-31,2023-03-01,"kenya_A000684"
"141",2017-12-31,2018-07-01,"kenya_A000688"
"142",2018-07-01,2018-12-31,"kenya_A000688"
"143",2018-12-31,2019-07-01,"kenya_A000688"
"144",2019-07-01,2019-12-31,"kenya_A000688"
"145",2019-12-31,2020-07-01,"kenya_A000688"
"146",2020-07-01,2020-12-31,"kenya_A000688"
"147",2020-12-31,2021-07-01,"kenya_A000688"
"148",2021-07-01,2021-12-31,"kenya_A000688"
"149",2021-12-31,2022-07-01,"kenya_A000688"
"150",2022-07-01,2022-12-31,"kenya_A000688"
"151",2022-12-31,2023-03-01,"kenya_A000688"
"152",2017-12-31,2018-07-01,"kenya_A000691"
"153",2018-07-01,2018-12-31,"kenya_A000691"
"154",2018-12-31,2019-07-01,"kenya_A000691"
"155",2019-07-01,2019-12-31,"kenya_A000691"
"156",2019-12-31,2020-07-01,"kenya_A000691"
"157",2020-07-01,2020-12-31,"kenya_A000691"
"158",2020-12-31,2021-07-01,"kenya_A000691"
"159",2021-07-01,2021-12-31,"kenya_A000691"
"160",2021-12-31,2022-07-01,"kenya_A000691"
"161",2022-07-01,2022-12-31,"kenya_A000691"
"162",2022-12-31,2023-03-01,"kenya_A000691"
"163",2017-12-31,2018-07-01,"kenya_A000693"
"164",2018-07-01,2018-12-31,"kenya_A000693"
"165",2018-12-31,2019-07-01,"kenya_A000693"
"166",2019-07-01,2019-12-31,"kenya_A000693"
"167",2019-12-31,2020-07-01,"kenya_A000693"
"168",2020-07-01,2020-12-31,"kenya_A000693"
"169",2020-12-31,2021-07-01,"kenya_A000693"
"170",2021-07-01,2021-12-31,"kenya_A000693"
"171",2021-12-31,2022-07-01,"kenya_A000693"
"172",2022-07-01,2022-12-31,"kenya_A000693"
"173",2022-12-31,2023-03-01,"kenya_A000693"
"174",2017-12-31,2018-07-01,"kenya_A000694"
"175",2018-07-01,2018-12-31,"kenya_A000694"
"176",2018-12-31,2019-07-01,"kenya_A000694"
"177",2019-07-01,2019-12-31,"kenya_A000694"
"178",2019-12-31,2020-07-01,"kenya_A000694"
"179",2020-07-01,2020-12-31,"kenya_A000694"
"180",2020-12-31,2021-07-01,"kenya_A000694"
"181",2021-07-01,2021-12-31,"kenya_A000694"
"182",2021-12-31,2022-07-01,"kenya_A000694"
"183",2022-07-01,2022-12-31,"kenya_A000694"
"184",2022-12-31,2023-03-01,"kenya_A000694"
"185",2017-12-31,2018-07-01,"kenya_A000702"
"186",2018-07-01,2018-12-31,"kenya_A000702"
"187",2018-12-31,2019-07-01,"kenya_A000702"
"188",2019-07-01,2019-12-31,"kenya_A000702"
"189",2019-12-31,2020-07-01,"kenya_A000702"
"190",2020-07-01,2020-12-31,"kenya_A000702"
"191",2020-12-31,2021-07-01,"kenya_A000702"
"192",2021-07-01,2021-12-31,"kenya_A000702"
"193",2021-12-31,2022-07-01,"kenya_A000702"
"194",2022-07-01,2022-12-31,"kenya_A000702"
"195",2022-12-31,2023-03-01,"kenya_A000702"
"196",2017-12-31,2018-07-01,"kenya_A000706"
"197",2018-07-01,2018-12-31,"kenya_A000706"
"198",2018-12-31,2019-07-01,"kenya_A000706"
"199",2019-07-01,2019-12-31,"kenya_A000706"
"200",2019-12-31,2020-07-01,"kenya_A000706"
"201",2020-07-01,2020-12-31,"kenya_A000706"
"202",2020-12-31,2021-07-01,"kenya_A000706"
"203",2021-07-01,2021-12-31,"kenya_A000706"
"204",2021-12-31,2022-07-01,"kenya_A000706"
"205",2022-07-01,2022-12-31,"kenya_A000706"
"206",2022-12-31,2023-03-01,"kenya_A000706"
"207",2017-12-31,2018-07-01,"kenya_A000708"
"208",2018-07-01,2018-12-31,"kenya_A000708"
"209",2018-12-31,2019-07-01,"kenya_A000708"
"210",2019-07-01,2019-12-31,"kenya_A000708"
"211",2019-12-31,2020-07-01,"kenya_A000708"
"212",2020-07-01,2020-12-31,"kenya_A000708"
"213",2020-12-31,2021-07-01,"kenya_A000708"
"214",2021-07-01,2021-12-31,"kenya_A000708"
"215",2021-12-31,2022-07-01,"kenya_A000708"
"216",2022-07-01,2022-12-31,"kenya_A000708"
"217",2022-12-31,2023-03-01,"kenya_A000708"
"218",2017-12-31,2018-07-01,"kenya_A000709"
"219",2018-07-01,2018-12-31,"kenya_A000709"
"220",2018-12-31,2019-07-01,"kenya_A000709"
"221",2019-07-01,2019-12-31,"kenya_A000709"
"222",2019-12-31,2020-07-01,"kenya_A000709"
"223",2020-07-01,2020-12-31,"kenya_A000709"
"224",2020-12-31,2021-07-01,"kenya_A000709"
"225",2021-07-01,2021-12-31,"kenya_A000709"
"226",2021-12-31,2022-07-01,"kenya_A000709"
"227",2022-07-01,2022-12-31,"kenya_A000709"
"228",2022-12-31,2023-03-01,"kenya_A000709"
"229",2017-12-31,2018-07-01,"kenya_A000716"
"230",2018-07-01,2018-12-31,"kenya_A000716"
"231",2018-12-31,2019-07-01,"kenya_A000716"
"232",2019-07-01,2019-12-31,"kenya_A000716"
"233",2019-12-31,2020-07-01,"kenya_A000716"
"234",2020-07-01,2020-12-31,"kenya_A000716"
"235",2020-12-31,2021-07-01,"kenya_A000716"
"236",2021-07-01,2021-12-31,"kenya_A000716"
"237",2021-12-31,2022-07-01,"kenya_A000716"
"238",2022-07-01,2022-12-31,"kenya_A000716"
"239",2022-12-31,2023-03-01,"kenya_A000716"
"240",2017-12-31,2018-07-01,"kenya_A000722"
"241",2018-07-01,2018-12-31,"kenya_A000722"
"242",2018-12-31,2019-07-01,"kenya_A000722"
"243",2019-07-01,2019-12-31,"kenya_A000722"
"244",2019-12-31,2020-07-01,"kenya_A000722"
"245",2020-07-01,2020-12-31,"kenya_A000722"
"246",2020-12-31,2021-07-01,"kenya_A000722"
"247",2021-07-01,2021-12-31,"kenya_A000722"
"248",2021-12-31,2022-07-01,"kenya_A000722"
"249",2022-07-01,2022-12-31,"kenya_A000722"
"250",2022-12-31,2023-03-01,"kenya_A000722"
"251",2017-12-31,2018-07-01,"kenya_A000724"
"252",2018-07-01,2018-12-31,"kenya_A000724"
"253",2018-12-31,2019-07-01,"kenya_A000724"
"254",2019-07-01,2019-12-31,"kenya_A000724"
"255",2019-12-31,2020-07-01,"kenya_A000724"
"256",2020-07-01,2020-12-31,"kenya_A000724"
"257",2020-12-31,2021-07-01,"kenya_A000724"
"258",2021-07-01,2021-12-31,"kenya_A000724"
"259",2021-12-31,2022-07-01,"kenya_A000724"
"260",2022-07-01,2022-12-31,"kenya_A000724"
"261",2022-12-31,2023-03-01,"kenya_A000724"
"262",2017-12-31,2018-07-01,"kenya_A000729"
"263",2018-07-01,2018-12-31,"kenya_A000729"
"264",2018-12-31,2019-07-01,"kenya_A000729"
"265",2019-07-01,2019-12-31,"kenya_A000729"
"266",2019-12-31,2020-07-01,"kenya_A000729"
"267",2020-07-01,2020-12-31,"kenya_A000729"
"268",2020-12-31,2021-07-01,"kenya_A000729"
"269",2021-07-01,2021-12-31,"kenya_A000729"
"270",2021-12-31,2022-07-01,"kenya_A000729"
"271",2022-07-01,2022-12-31,"kenya_A000729"
"272",2022-12-31,2023-03-01,"kenya_A000729"
"273",2017-12-31,2018-07-01,"kenya_A000756"
"274",2018-07-01,2018-12-31,"kenya_A000756"
"275",2018-12-31,2019-07-01,"kenya_A000756"
"276",2019-07-01,2019-12-31,"kenya_A000756"
"277",2019-12-31,2020-07-01,"kenya_A000756"
"278",2020-07-01,2020-12-31,"kenya_A000756"
"279",2020-12-31,2021-07-01,"kenya_A000756"
"280",2021-07-01,2021-12-31,"kenya_A000756"
"281",2021-12-31,2022-07-01,"kenya_A000756"
"282",2022-07-01,2022-12-31,"kenya_A000756"
"283",2022-12-31,2023-03-01,"kenya_A000756"
"284",2017-12-31,2018-07-01,"kenya_A000769"
"285",2018-07-01,2018-12-31,"kenya_A000769"
"286",2018-12-31,2019-07-01,"kenya_A000769"
"287",2019-07-01,2019-12-31,"kenya_A000769"
"288",2019-12-31,2020-07-01,"kenya_A000769"
"289",2020-07-01,2020-12-31,"kenya_A000769"
"290",2020-12-31,2021-07-01,"kenya_A000769"
"291",2021-07-01,2021-12-31,"kenya_A000769"
"292",2021-12-31,2022-07-01,"kenya_A000769"
"293",2022-07-01,2022-12-31,"kenya_A000769"
"294",2022-12-31,2023-03-01,"kenya_A000769"
"295",2017-12-31,2018-07-01,"kenya_A000793"
"296",2018-07-01,2018-12-31,"kenya_A000793"
"297",2018-12-31,2019-07-01,"kenya_A000793"
"298",2019-07-01,2019-12-31,"kenya_A000793"
"299",2019-12-31,2020-07-01,"kenya_A000793"
"300",2020-07-01,2020-12-31,"kenya_A000793"
"301",2020-12-31,2021-07-01,"kenya_A000793"
"302",2021-07-01,2021-12-31,"kenya_A000793"
"303",2021-12-31,2022-07-01,"kenya_A000793"
"304",2022-07-01,2022-12-31,"kenya_A000793"
"305",2022-12-31,2023-03-01,"kenya_A000793"
"306",2019-11-02,2020-05-02,"planet_C004251"
"307",2020-05-02,2020-11-02,"planet_C004251"
"308",2020-11-02,2021-03-01,"planet_C004251"
"309",2019-11-02,2020-05-02,"planet_C003748"
"310",2020-05-02,2020-11-02,"planet_C003748"
"311",2020-11-02,2021-03-01,"planet_C003748"
"312",2019-11-02,2020-05-02,"planet_C004213"
"313",2020-05-02,2020-11-02,"planet_C004213"
"314",2020-11-02,2021-03-01,"planet_C004213"
"315",2019-11-02,2020-05-02,"planet_C003759"
"316",2020-05-02,2020-11-02,"planet_C003759"
"317",2020-11-02,2021-03-01,"planet_C003759"
"318",2019-11-02,2020-05-02,"planet_C004247"
"319",2020-05-02,2020-11-02,"planet_C004247"
"320",2020-11-02,2021-03-01,"planet_C004247"
"321",2019-11-02,2020-05-02,"planet_C003946"
"322",2020-05-02,2020-11-02,"planet_C003946"
"323",2020-11-02,2021-03-01,"planet_C003946"
"324",2019-11-02,2020-05-02,"planet_C003721"
"325",2020-05-02,2020-11-02,"planet_C003721"
"326",2020-11-02,2021-03-01,"planet_C003721"
"327",2019-11-02,2020-05-02,"planet_C003733"
"328",2020-05-02,2020-11-02,"planet_C003733"
"329",2020-11-02,2021-03-01,"planet_C003733"
"330",2019-11-02,2020-05-02,"planet_C003969"
"331",2020-05-02,2020-11-02,"planet_C003969"
"332",2020-11-02,2021-03-01,"planet_C003969"
"333",2019-11-02,2020-05-02,"planet_C003798"
"334",2020-05-02,2020-11-02,"planet_C003798"
"335",2020-11-02,2021-03-01,"planet_C003798"
"336",2019-11-02,2020-05-02,"planet_C004022"
"337",2020-05-02,2020-11-02,"planet_C004022"
"338",2020-11-02,2021-03-01,"planet_C004022"
"339",2019-11-02,2020-05-02,"planet_C003987"
"340",2020-05-02,2020-11-02,"planet_C003987"
"341",2020-11-02,2021-03-01,"planet_C003987"
"342",2019-11-02,2020-05-02,"planet_C003737"
"343",2020-05-02,2020-11-02,"planet_C003737"
"344",2020-11-02,2021-03-01,"planet_C003737"
"345",2019-11-02,2020-05-02,"planet_C004271"
"346",2020-05-02,2020-11-02,"planet_C004271"
"347",2020-11-02,2021-03-01,"planet_C004271"
"348",2019-11-02,2020-05-02,"planet_C004203"
"349",2020-05-02,2020-11-02,"planet_C004203"
"350",2020-11-02,2021-03-01,"planet_C004203"
"351",2019-11-02,2020-05-02,"planet_C004151"
"352",2020-05-02,2020-11-02,"planet_C004151"
"353",2020-11-02,2021-03-01,"planet_C004151"
"354",2019-11-02,2020-05-02,"planet_C003918"
"355",2020-05-02,2020-11-02,"planet_C003918"
"356",2020-11-02,2021-03-01,"planet_C003918"
"357",2019-11-02,2020-05-02,"planet_C003766"
"358",2020-05-02,2020-11-02,"planet_C003766"
"359",2020-11-02,2021-03-01,"planet_C003766"
"360",2019-11-02,2020-05-02,"planet_C003804"
"361",2020-05-02,2020-11-02,"planet_C003804"
"362",2020-11-02,2021-03-01,"planet_C003804"
"363",2019-11-02,2020-05-02,"planet_C003110"
"364",2020-05-02,2020-11-02,"planet_C003110"
"365",2020-11-02,2021-03-01,"planet_C003110"
"366",2019-11-02,2020-05-02,"planet_C003163"
"367",2020-05-02,2020-11-02,"planet_C003163"
"368",2020-11-02,2021-03-01,"planet_C003163"
"369",2019-11-02,2020-05-02,"planet_C004327"
"370",2020-05-02,2020-11-02,"planet_C004327"
"371",2020-11-02,2021-03-01,"planet_C004327"
"372",2019-11-02,2020-05-02,"planet_C003891"
"373",2020-05-02,2020-11-02,"planet_C003891"
"374",2020-11-02,2021-03-01,"planet_C003891"
"375",2019-11-02,2020-05-02,"planet_C003937"
"376",2020-05-02,2020-11-02,"planet_C003937"
"377",2020-11-02,2021-03-01,"planet_C003937"
"378",2019-11-02,2020-05-02,"planet_C003908"
"379",2020-05-02,2020-11-02,"planet_C003908"
"380",2020-11-02,2021-03-01,"planet_C003908"
"381",2019-11-02,2020-05-02,"planet_C004194"
"382",2020-05-02,2020-11-02,"planet_C004194"
"383",2020-11-02,2021-03-01,"planet_C004194"
"384",2019-11-02,2020-05-02,"planet_C003923"
"385",2020-05-02,2020-11-02,"planet_C003923"
"386",2020-11-02,2021-03-01,"planet_C003923"
"387",2019-11-02,2020-05-02,"planet_C004201"
"388",2020-05-02,2020-11-02,"planet_C004201"
"389",2020-11-02,2021-03-01,"planet_C004201"
"390",2019-11-02,2020-05-02,"planet_C003942"
"391",2020-05-02,2020-11-02,"planet_C003942"
"392",2020-11-02,2021-03-01,"planet_C003942"
"393",2019-11-02,2020-05-02,"planet_C004256"
"394",2020-05-02,2020-11-02,"planet_C004256"
"395",2020-11-02,2021-03-01,"planet_C004256"
"396",2019-11-02,2020-05-02,"planet_C004140"
"397",2020-05-02,2020-11-02,"planet_C004140"
"398",2020-11-02,2021-03-01,"planet_C004140"
"399",2019-11-02,2020-05-02,"planet_C004334"
"400",2020-05-02,2020-11-02,"planet_C004334"
"401",2020-11-02,2021-03-01,"planet_C004334"
"402",2019-11-02,2020-05-02,"planet_C003757"
"403",2020-05-02,2020-11-02,"planet_C003757"
"404",2020-11-02,2021-03-01,"planet_C003757"
"405",2019-11-02,2020-05-02,"planet_C003794"
"406",2020-05-02,2020-11-02,"planet_C003794"
"407",2020-11-02,2021-03-01,"planet_C003794"
"408",2019-11-02,2020-05-02,"planet_C004347"
"409",2020-05-02,2020-11-02,"planet_C004347"
"410",2020-11-02,2021-03-01,"planet_C004347"
"411",2019-11-02,2020-05-02,"planet_C003897"
"412",2020-05-02,2020-11-02,"planet_C003897"
"413",2020-11-02,2021-03-01,"planet_C003897"
"414",2019-11-02,2020-05-02,"planet_C003755"
"415",2020-05-02,2020-11-02,"planet_C003755"
"416",2020-11-02,2021-03-01,"planet_C003755"
"417",2019-11-02,2020-05-02,"planet_C003310"
"418",2020-05-02,2020-11-02,"planet_C003310"
"419",2020-11-02,2021-03-01,"planet_C003310"
"420",2019-11-02,2020-05-02,"planet_C004290"
"421",2020-05-02,2020-11-02,"planet_C004290"
"422",2020-11-02,2021-03-01,"planet_C004290"
"423",2019-11-02,2020-05-02,"planet_C003944"
"424",2020-05-02,2020-11-02,"planet_C003944"
"425",2020-11-02,2021-03-01,"planet_C003944"
"426",2019-11-02,2020-05-02,"planet_C003781"
"427",2020-05-02,2020-11-02,"planet_C003781"
"428",2020-11-02,2021-03-01,"planet_C003781"
"429",2019-11-02,2020-05-02,"planet_C003614"
"430",2020-05-02,2020-11-02,"planet_C003614"
"431",2020-11-02,2021-03-01,"planet_C003614"
"432",2019-11-02,2020-05-02,"planet_C003849"
"433",2020-05-02,2020-11-02,"planet_C003849"
"434",2020-11-02,2021-03-01,"planet_C003849"
"435",2019-11-02,2020-05-02,"planet_C003957"
"436",2020-05-02,2020-11-02,"planet_C003957"
"437",2020-11-02,2021-03-01,"planet_C003957"
"438",2019-11-02,2020-05-02,"planet_C003939"
"439",2020-05-02,2020-11-02,"planet_C003939"
"440",2020-11-02,2021-03-01,"planet_C003939"
"441",2019-11-02,2020-05-02,"planet_C003938"
"442",2020-05-02,2020-11-02,"planet_C003938"
"443",2020-11-02,2021-03-01,"planet_C003938"
"444",2019-11-02,2020-05-02,"planet_C003824"
"445",2020-05-02,2020-11-02,"planet_C003824"
"446",2020-11-02,2021-03-01,"planet_C003824"
"447",2019-11-02,2020-05-02,"planet_C003924"
"448",2020-05-02,2020-11-02,"planet_C003924"
"449",2020-11-02,2021-03-01,"planet_C003924"
"450",2019-11-02,2020-05-02,"planet_C004180"
"451",2020-05-02,2020-11-02,"planet_C004180"
"452",2020-11-02,2021-03-01,"planet_C004180"
"453",2019-11-02,2020-05-02,"planet_C004272"
"454",2020-05-02,2020-11-02,"planet_C004272"
"455",2020-11-02,2021-03-01,"planet_C004272"
"456",2019-11-02,2020-05-02,"planet_C004339"
"457",2020-05-02,2020-11-02,"planet_C004339"
"458",2020-11-02,2021-03-01,"planet_C004339"
"459",2019-11-02,2020-05-02,"planet_C003895"
"460",2020-05-02,2020-11-02,"planet_C003895"
"461",2020-11-02,2021-03-01,"planet_C003895"
"462",2019-11-02,2020-05-02,"planet_C003962"
"463",2020-05-02,2020-11-02,"planet_C003962"
"464",2020-11-02,2021-03-01,"planet_C003962"
"465",2019-11-02,2020-05-02,"planet_C003607"
"466",2020-05-02,2020-11-02,"planet_C003607"
"467",2020-11-02,2021-03-01,"planet_C003607"
"468",2019-11-02,2020-05-02,"planet_C003961"
"469",2020-05-02,2020-11-02,"planet_C003961"
"470",2020-11-02,2021-03-01,"planet_C003961"
"471",2019-11-02,2020-05-02,"planet_C003725"
"472",2020-05-02,2020-11-02,"planet_C003725"
"473",2020-11-02,2021-03-01,"planet_C003725"
"474",2019-11-02,2020-05-02,"planet_C004344"
"475",2020-05-02,2020-11-02,"planet_C004344"
"476",2020-11-02,2021-03-01,"planet_C004344"
"477",2019-11-02,2020-05-02,"planet_C003911"
"478",2020-05-02,2020-11-02,"planet_C003911"
"479",2020-11-02,2021-03-01,"planet_C003911"
"480",2019-11-02,2020-05-02,"planet_C003165"
"481",2020-05-02,2020-11-02,"planet_C003165"
"482",2020-11-02,2021-03-01,"planet_C003165"
"483",2019-11-02,2020-05-02,"planet_C003214"
"484",2020-05-02,2020-11-02,"planet_C003214"
"485",2020-11-02,2021-03-01,"planet_C003214"
"486",2019-11-02,2020-05-02,"planet_C003873"
"487",2020-05-02,2020-11-02,"planet_C003873"
"488",2020-11-02,2021-03-01,"planet_C003873"
"489",2019-11-02,2020-05-02,"planet_C003819"
"490",2020-05-02,2020-11-02,"planet_C003819"
"491",2020-11-02,2021-03-01,"planet_C003819"
"492",2019-11-02,2020-05-02,"planet_C003341"
"493",2020-05-02,2020-11-02,"planet_C003341"
"494",2020-11-02,2021-03-01,"planet_C003341"
"495",2019-11-02,2020-05-02,"planet_C003363"
"496",2020-05-02,2020-11-02,"planet_C003363"
"497",2020-11-02,2021-03-01,"planet_C003363"
"498",2019-11-02,2020-05-02,"planet_C003366"
"499",2020-05-02,2020-11-02,"planet_C003366"
"500",2020-11-02,2021-03-01,"planet_C003366"
"501",2019-11-02,2020-05-02,"planet_C003142"
"502",2020-05-02,2020-11-02,"planet_C003142"
"503",2020-11-02,2021-03-01,"planet_C003142"
"504",2019-11-02,2020-05-02,"planet_C003290"
"505",2020-05-02,2020-11-02,"planet_C003290"
"506",2020-11-02,2021-03-01,"planet_C003290"
"507",2019-11-02,2020-05-02,"planet_C003060"
"508",2020-05-02,2020-11-02,"planet_C003060"
"509",2020-11-02,2021-03-01,"planet_C003060"
"510",2019-11-02,2020-05-02,"planet_C004349"
"511",2020-05-02,2020-11-02,"planet_C004349"
"512",2020-11-02,2021-03-01,"planet_C004349"
"513",2019-11-02,2020-05-02,"planet_C003960"
"514",2020-05-02,2020-11-02,"planet_C003960"
"515",2020-11-02,2021-03-01,"planet_C003960"
"516",2019-11-02,2020-05-02,"planet_C004336"
"517",2020-05-02,2020-11-02,"planet_C004336"
"518",2020-11-02,2021-03-01,"planet_C004336"
"519",2019-11-02,2020-05-02,"planet_C004182"
"520",2020-05-02,2020-11-02,"planet_C004182"
"521",2020-11-02,2021-03-01,"planet_C004182"
"522",2019-11-02,2020-05-02,"planet_C004115"
"523",2020-05-02,2020-11-02,"planet_C004115"
"524",2020-11-02,2021-03-01,"planet_C004115"
"525",2019-11-02,2020-05-02,"planet_C003919"
"526",2020-05-02,2020-11-02,"planet_C003919"
"527",2020-11-02,2021-03-01,"planet_C003919"
"528",2019-11-02,2020-05-02,"planet_C003257"
"529",2020-05-02,2020-11-02,"planet_C003257"
"530",2020-11-02,2021-03-01,"planet_C003257"
"531",2019-11-02,2020-05-02,"planet_C003179"
"532",2020-05-02,2020-11-02,"planet_C003179"
"533",2020-11-02,2021-03-01,"planet_C003179"
"534",2019-11-02,2020-05-02,"planet_C003415"
"535",2020-05-02,2020-11-02,"planet_C003415"
"536",2020-11-02,2021-03-01,"planet_C003415"
"537",2019-11-02,2020-05-02,"planet_C004345"
"538",2020-05-02,2020-11-02,"planet_C004345"
"539",2020-11-02,2021-03-01,"planet_C004345"
"540",2019-11-02,2020-05-02,"planet_C003129"
"541",2020-05-02,2020-11-02,"planet_C003129"
"542",2020-11-02,2021-03-01,"planet_C003129"
"543",2019-11-02,2020-05-02,"planet_C003136"
"544",2020-05-02,2020-11-02,"planet_C003136"
"545",2020-11-02,2021-03-01,"planet_C003136"
"546",2019-11-02,2020-05-02,"planet_C003151"
"547",2020-05-02,2020-11-02,"planet_C003151"
"548",2020-11-02,2021-03-01,"planet_C003151"
"549",2019-11-02,2020-05-02,"planet_C003208"
"550",2020-05-02,2020-11-02,"planet_C003208"
"551",2020-11-02,2021-03-01,"planet_C003208"
"552",2019-11-02,2020-05-02,"planet_C003002"
"553",2020-05-02,2020-11-02,"planet_C003002"
"554",2020-11-02,2021-03-01,"planet_C003002"
"555",2019-11-02,2020-05-02,"planet_C003344"
"556",2020-05-02,2020-11-02,"planet_C003344"
"557",2020-11-02,2021-03-01,"planet_C003344"
"558",2019-11-02,2020-05-02,"planet_C004342"
"559",2020-05-02,2020-11-02,"planet_C004342"
"560",2020-11-02,2021-03-01,"planet_C004342"
"561",2019-11-02,2020-05-02,"planet_C003963"
"562",2020-05-02,2020-11-02,"planet_C003963"
"563",2020-11-02,2021-03-01,"planet_C003963"
"564",2019-11-02,2020-05-02,"planet_C003800"
"565",2020-05-02,2020-11-02,"planet_C003800"
"566",2020-11-02,2021-03-01,"planet_C003800"
"567",2019-11-02,2020-05-02,"planet_C003789"
"568",2020-05-02,2020-11-02,"planet_C003789"
"569",2020-11-02,2021-03-01,"planet_C003789"
"570",2019-11-02,2020-05-02,"planet_C003751"
"571",2020-05-02,2020-11-02,"planet_C003751"
"572",2020-11-02,2021-03-01,"planet_C003751"
"573",2019-11-02,2020-05-02,"planet_C003947"
"574",2020-05-02,2020-11-02,"planet_C003947"
"575",2020-11-02,2021-03-01,"planet_C003947"
"576",2019-11-02,2020-05-02,"planet_C004318"
"577",2020-05-02,2020-11-02,"planet_C004318"
"578",2020-11-02,2021-03-01,"planet_C004318"
"579",2019-11-02,2020-05-02,"planet_C003771"
"580",2020-05-02,2020-11-02,"planet_C003771"
"581",2020-11-02,2021-03-01,"planet_C003771"
"582",2019-11-02,2020-05-02,"planet_C003182"
"583",2020-05-02,2020-11-02,"planet_C003182"
"584",2020-11-02,2021-03-01,"planet_C003182"
"585",2019-11-02,2020-05-02,"planet_C003291"
"586",2020-05-02,2020-11-02,"planet_C003291"
"587",2020-11-02,2021-03-01,"planet_C003291"
"588",2018-04-02,2018-10-02,"whittier_upslope_2018"
"589",2018-10-02,2018-12-30,"whittier_upslope_2018"
"590",2018-04-02,2018-10-02,"whittier_midslope_2018"
"591",2018-10-02,2018-12-30,"whittier_midslope_2018"
"592",2018-04-02,2018-10-02,"whittier_downslope_2018"
"593",2018-10-02,2018-12-30,"whittier_downslope_2018"
"594",2019-04-02,2019-10-02,"whittier_upslope_2019"
"595",2019-10-02,2019-12-30,"whittier_upslope_2019"
"596",2019-04-02,2019-10-02,"whittier_midslope_2019"
"597",2019-10-02,2019-12-30,"whittier_midslope_2019"
"598",2019-04-02,2019-10-02,"whittier_downslope_2019"
"599",2019-10-02,2019-12-30,"whittier_downslope_2019"
"600",2020-04-02,2020-10-02,"whittier_upslope_2020"
"601",2020-10-02,2020-12-30,"whittier_upslope_2020"
"602",2020-04-02,2020-10-02,"whittier_midslope_2020"
"603",2020-10-02,2020-12-30,"whittier_midslope_2020"
"604",2020-04-02,2020-10-02,"whittier_downslope_2020"
"605",2020-10-02,2020-12-30,"whittier_downslope_2020"
"606",2021-04-02,2021-10-02,"whittier_upslope_2021"
"607",2021-10-02,2021-12-30,"whittier_upslope_2021"
"608",2021-04-02,2021-10-02,"whittier_midslope_2021"
"609",2021-10-02,2021-12-30,"whittier_midslope_2021"
"610",2021-04-02,2021-10-02,"whittier_downslope_2021"
"611",2021-10-02,2021-12-30,"whittier_downslope_2021"
