Location,new_start,new_end,X,lon,lat,Pod1,Pod2,Pod3,Group,start_date,end_date,Ortho,Scene,order_id_s_h,Valid_season?,Multiple_seasons?
choma_A000127,2017-09-02,2018-03-02,22,27.0922,-16.7795,A000127,,,choma,11/01/2017,05/31/2018,0,85,0d688599-b6bb-47d8-a3cd-a6a8d736ec5b,,
choma_A000127,2018-03-02,2018-07-30,22,27.0922,-16.7795,A000127,,,choma,11/01/2017,05/31/2018,0,85,0d688599-b6bb-47d8-a3cd-a6a8d736ec5b,,
choma_A000212,2017-09-02,2018-03-02,23,26.9253,-16.8294,A000212,,,choma,11/01/2017,05/31/2018,0,2,97cfdbe9-39d1-41ab-8e6e-3d355b598b85,,
choma_A000212,2018-03-02,2018-07-30,23,26.9253,-16.8294,A000212,,,choma,11/01/2017,05/31/2018,0,2,97cfdbe9-39d1-41ab-8e6e-3d355b598b85,,
choma_A000247,2017-09-02,2018-03-02,24,27.1179,-16.7724,A000247,,,choma,11/01/2017,05/31/2018,0,76,95c69caa-67fa-405f-ae2d-0456838c7272,,
choma_A000247,2018-03-02,2018-07-30,24,27.1179,-16.7724,A000247,,,choma,11/01/2017,05/31/2018,0,76,95c69caa-67fa-405f-ae2d-0456838c7272,,
choma_A000302,2017-09-02,2018-03-02,25,26.989,-16.8297,A000302,,,choma,11/01/2017,05/31/2018,0,8,93903df1-57e2-4780-aaa6-3972ae8d4204,,
choma_A000302,2018-03-02,2018-07-30,25,26.989,-16.8297,A000302,,,choma,11/01/2017,05/31/2018,0,8,93903df1-57e2-4780-aaa6-3972ae8d4204,,
choma_A000308,2017-09-02,2018-03-02,26,26.7025,-16.8123,A000308,,,choma,11/01/2017,05/31/2018,0,0,,,
choma_A000308,2018-03-02,2018-07-30,26,26.7025,-16.8123,A000308,,,choma,11/01/2017,05/31/2018,0,0,,,
choma_A000352,2017-09-02,2018-03-02,27,27.3579,-16.6258,A000352,,,choma,11/01/2017,05/31/2018,0,0,,,
choma_A000352,2018-03-02,2018-07-30,27,27.3579,-16.6258,A000352,,,choma,11/01/2017,05/31/2018,0,0,,,
choma_A000401,2017-09-02,2018-03-02,28,27.2905,-16.5303,A000401,,,choma,11/01/2017,05/31/2018,0,0,,,
choma_A000401,2018-03-02,2018-07-30,28,27.2905,-16.5303,A000401,,,choma,11/01/2017,05/31/2018,0,0,,,
choma_A000407,2017-09-02,2018-03-02,29,26.903,-16.8556,A000407,,,choma,11/01/2017,05/31/2018,0,0,,,
choma_A000407,2018-03-02,2018-07-30,29,26.903,-16.8556,A000407,,,choma,11/01/2017,05/31/2018,0,0,,,
choma_A000412,2017-09-02,2018-03-02,30,26.792,-16.4051,A000412,,,choma,11/01/2017,05/31/2018,0,0,,,
choma_A000412,2018-03-02,2018-07-30,30,26.792,-16.4051,A000412,,,choma,11/01/2017,05/31/2018,0,0,,,
choma_A000413,2017-09-02,2018-03-02,31,27.4877,-16.6525,A000413,,,choma,11/01/2017,05/31/2018,0,0,,,
choma_A000413,2018-03-02,2018-07-30,31,27.4877,-16.6525,A000413,,,choma,11/01/2017,05/31/2018,0,0,,,
choma_A000414,2017-09-02,2018-03-02,32,27.0984,-17.2673,A000414,,,choma,11/01/2017,05/31/2018,0,0,,,
choma_A000414,2018-03-02,2018-07-30,32,27.0984,-17.2673,A000414,,,choma,11/01/2017,05/31/2018,0,0,,,
choma_A000421,2017-09-02,2018-03-02,33,26.9649,-16.754,A000421,,,choma,11/01/2017,05/31/2018,0,32,d24c8c01-afb3-403b-8a09-63ec3e39cae7,,
choma_A000421,2018-03-02,2018-07-30,33,26.9649,-16.754,A000421,,,choma,11/01/2017,05/31/2018,0,32,d24c8c01-afb3-403b-8a09-63ec3e39cae7,,
choma_A000443,2017-09-02,2018-03-02,34,26.9753,-16.7576,A000443,,,choma,11/01/2017,05/31/2018,0,35,862cebf0-812e-437b-82f1-6e5fd090bc59,,
choma_A000443,2018-03-02,2018-07-30,34,26.9753,-16.7576,A000443,,,choma,11/01/2017,05/31/2018,0,35,862cebf0-812e-437b-82f1-6e5fd090bc59,,
choma_A000473,2017-09-02,2018-03-02,35,26.8958,-16.2633,A000473,,,choma,11/01/2017,05/31/2018,0,0,,,
choma_A000473,2018-03-02,2018-07-30,35,26.8958,-16.2633,A000473,,,choma,11/01/2017,05/31/2018,0,0,,,
choma_A000493,2017-09-02,2018-03-02,36,27.107,-16.7713,A000493,,,choma,11/01/2017,05/31/2018,0,79,b153c57e-f687-42c6-b550-c2fe326023ae,,
choma_A000493,2018-03-02,2018-07-30,36,27.107,-16.7713,A000493,,,choma,11/01/2017,05/31/2018,0,79,b153c57e-f687-42c6-b550-c2fe326023ae,,
Choma_farmer,2020-09-02,2021-03-02,12,27.06964,-16.79983,A000301,,,Zam_20_21,11/01/2020,05/31/2021,103,140,365ec77d-7d82-4801-b6ee-e189a17931db,,
Choma_farmer,2021-03-02,2021-07-30,12,27.06964,-16.79983,A000301,,,Zam_20_21,11/01/2020,05/31/2021,103,140,365ec77d-7d82-4801-b6ee-e189a17931db,,
Choma_plot_5,2020-09-02,2021-03-02,10,27.06236,-16.83154,A000784,A000228,,Zam_20_21,11/01/2020,05/31/2021,101,149,6becffee-9664-4b4c-b57b-636524b94d8b,,
Choma_plot_5,2021-03-02,2021-07-30,10,27.06236,-16.83154,A000784,A000228,,Zam_20_21,11/01/2020,05/31/2021,101,149,6becffee-9664-4b4c-b57b-636524b94d8b,,
Choma_plot_9,2020-09-02,2021-03-02,11,27.06235,-16.83133,A000708,A000721,,Zam_20_21,11/01/2020,05/31/2021,101,150,90855fcd-2f63-4043-b846-d821292f3b35,,
Choma_plot_9,2021-03-02,2021-07-30,11,27.06235,-16.83133,A000708,A000721,,Zam_20_21,11/01/2020,05/31/2021,101,150,90855fcd-2f63-4043-b846-d821292f3b35,,
Kabwe_farmer,2020-09-02,2021-03-02,6,28.5067,-14.38201,A000709,A000408,,Zam_20_21,11/01/2020,05/31/2021,107,154,005bd9e0-7100-47bf-b587-ca259e831405,,
Kabwe_farmer,2021-03-02,2021-07-30,6,28.5067,-14.38201,A000709,A000408,,Zam_20_21,11/01/2020,05/31/2021,107,154,005bd9e0-7100-47bf-b587-ca259e831405,,
Kabwe_plot_3,2020-09-02,2021-03-02,4,28.49434,-14.39483,A000778,A000292,,Zam_20_21,11/01/2020,05/31/2021,113,166,2b9d3eda-604c-4bbe-9ade-59eabc4b8088,,
Kabwe_plot_3,2021-03-02,2021-07-30,4,28.49434,-14.39483,A000778,A000292,,Zam_20_21,11/01/2020,05/31/2021,113,166,2b9d3eda-604c-4bbe-9ade-59eabc4b8088,,
Kabwe_plot_5,2020-09-02,2021-03-02,5,28.49434,-14.39464,A000705,A000334,,Zam_20_21,11/01/2020,05/31/2021,113,166,b054d74d-9fbc-4669-a4be-7bd7336dbb08,,
Kabwe_plot_5,2021-03-02,2021-07-30,5,28.49434,-14.39464,A000705,A000334,,Zam_20_21,11/01/2020,05/31/2021,113,166,b054d74d-9fbc-4669-a4be-7bd7336dbb08,,
kenya_A000551,2017-12-31,2018-07-01,37,37.39699,0.13175,A000551,,,kenya,03/01/2018,12/31/2022,250,250,11957c43-f442-4ecf-bb69-0f48e1e23efb,,
kenya_A000551,2018-07-01,2018-12-31,37,37.39699,0.13175,A000551,,,kenya,03/01/2018,12/31/2022,250,250,11957c43-f442-4ecf-bb69-0f48e1e23efb,,
kenya_A000551,2018-12-31,2019-07-01,37,37.39699,0.13175,A000551,,,kenya,03/01/2018,12/31/2022,250,250,11957c43-f442-4ecf-bb69-0f48e1e23efb,,
kenya_A000551,2019-07-01,2019-12-31,37,37.39699,0.13175,A000551,,,kenya,03/01/2018,12/31/2022,250,250,11957c43-f442-4ecf-bb69-0f48e1e23efb,,
kenya_A000551,2019-12-31,2020-07-01,37,37.39699,0.13175,A000551,,,kenya,03/01/2018,12/31/2022,250,250,11957c43-f442-4ecf-bb69-0f48e1e23efb,,
kenya_A000551,2020-07-01,2020-12-31,37,37.39699,0.13175,A000551,,,kenya,03/01/2018,12/31/2022,250,250,11957c43-f442-4ecf-bb69-0f48e1e23efb,,
kenya_A000551,2020-12-31,2021-07-01,37,37.39699,0.13175,A000551,,,kenya,03/01/2018,12/31/2022,250,250,11957c43-f442-4ecf-bb69-0f48e1e23efb,,
kenya_A000551,2021-07-01,2021-12-31,37,37.39699,0.13175,A000551,,,kenya,03/01/2018,12/31/2022,250,250,11957c43-f442-4ecf-bb69-0f48e1e23efb,,
kenya_A000551,2021-12-31,2022-07-01,37,37.39699,0.13175,A000551,,,kenya,03/01/2018,12/31/2022,250,250,11957c43-f442-4ecf-bb69-0f48e1e23efb,,
kenya_A000551,2022-07-01,2022-12-31,37,37.39699,0.13175,A000551,,,kenya,03/01/2018,12/31/2022,250,250,11957c43-f442-4ecf-bb69-0f48e1e23efb,,
kenya_A000551,2022-12-31,2023-03-01,37,37.39699,0.13175,A000551,,,kenya,03/01/2018,12/31/2022,250,250,11957c43-f442-4ecf-bb69-0f48e1e23efb,,
kenya_A000659,2017-12-31,2018-07-01,38,36.98948,-0.07288,A000659,,,kenya,03/01/2018,12/31/2022,250,250,aaebdf60-d8f9-4f32-95ab-f27e27cf1485,,
kenya_A000659,2018-07-01,2018-12-31,38,36.98948,-0.07288,A000659,,,kenya,03/01/2018,12/31/2022,250,250,aaebdf60-d8f9-4f32-95ab-f27e27cf1485,,
kenya_A000659,2018-12-31,2019-07-01,38,36.98948,-0.07288,A000659,,,kenya,03/01/2018,12/31/2022,250,250,aaebdf60-d8f9-4f32-95ab-f27e27cf1485,,
kenya_A000659,2019-07-01,2019-12-31,38,36.98948,-0.07288,A000659,,,kenya,03/01/2018,12/31/2022,250,250,aaebdf60-d8f9-4f32-95ab-f27e27cf1485,,
kenya_A000659,2019-12-31,2020-07-01,38,36.98948,-0.07288,A000659,,,kenya,03/01/2018,12/31/2022,250,250,aaebdf60-d8f9-4f32-95ab-f27e27cf1485,,
kenya_A000659,2020-07-01,2020-12-31,38,36.98948,-0.07288,A000659,,,kenya,03/01/2018,12/31/2022,250,250,aaebdf60-d8f9-4f32-95ab-f27e27cf1485,,
kenya_A000659,2020-12-31,2021-07-01,38,36.98948,-0.07288,A000659,,,kenya,03/01/2018,12/31/2022,250,250,aaebdf60-d8f9-4f32-95ab-f27e27cf1485,,
kenya_A000659,2021-07-01,2021-12-31,38,36.98948,-0.07288,A000659,,,kenya,03/01/2018,12/31/2022,250,250,aaebdf60-d8f9-4f32-95ab-f27e27cf1485,,
kenya_A000659,2021-12-31,2022-07-01,38,36.98948,-0.07288,A000659,,,kenya,03/01/2018,12/31/2022,250,250,aaebdf60-d8f9-4f32-95ab-f27e27cf1485,,
kenya_A000659,2022-07-01,2022-12-31,38,36.98948,-0.07288,A000659,,,kenya,03/01/2018,12/31/2022,250,250,aaebdf60-d8f9-4f32-95ab-f27e27cf1485,,
kenya_A000659,2022-12-31,2023-03-01,38,36.98948,-0.07288,A000659,,,kenya,03/01/2018,12/31/2022,250,250,aaebdf60-d8f9-4f32-95ab-f27e27cf1485,,
kenya_A000660,2017-12-31,2018-07-01,39,37.21657,0.08684,A000660,,,kenya,03/01/2018,12/31/2022,250,250,10869e06-e5bf-4b90-abd0-b02f2deaa37b,,
kenya_A000660,2018-07-01,2018-12-31,39,37.21657,0.08684,A000660,,,kenya,03/01/2018,12/31/2022,250,250,10869e06-e5bf-4b90-abd0-b02f2deaa37b,,
kenya_A000660,2018-12-31,2019-07-01,39,37.21657,0.08684,A000660,,,kenya,03/01/2018,12/31/2022,250,250,10869e06-e5bf-4b90-abd0-b02f2deaa37b,,
kenya_A000660,2019-07-01,2019-12-31,39,37.21657,0.08684,A000660,,,kenya,03/01/2018,12/31/2022,250,250,10869e06-e5bf-4b90-abd0-b02f2deaa37b,,
kenya_A000660,2019-12-31,2020-07-01,39,37.21657,0.08684,A000660,,,kenya,03/01/2018,12/31/2022,250,250,10869e06-e5bf-4b90-abd0-b02f2deaa37b,,
kenya_A000660,2020-07-01,2020-12-31,39,37.21657,0.08684,A000660,,,kenya,03/01/2018,12/31/2022,250,250,10869e06-e5bf-4b90-abd0-b02f2deaa37b,,
kenya_A000660,2020-12-31,2021-07-01,39,37.21657,0.08684,A000660,,,kenya,03/01/2018,12/31/2022,250,250,10869e06-e5bf-4b90-abd0-b02f2deaa37b,,
kenya_A000660,2021-07-01,2021-12-31,39,37.21657,0.08684,A000660,,,kenya,03/01/2018,12/31/2022,250,250,10869e06-e5bf-4b90-abd0-b02f2deaa37b,,
kenya_A000660,2021-12-31,2022-07-01,39,37.21657,0.08684,A000660,,,kenya,03/01/2018,12/31/2022,250,250,10869e06-e5bf-4b90-abd0-b02f2deaa37b,,
kenya_A000660,2022-07-01,2022-12-31,39,37.21657,0.08684,A000660,,,kenya,03/01/2018,12/31/2022,250,250,10869e06-e5bf-4b90-abd0-b02f2deaa37b,,
kenya_A000660,2022-12-31,2023-03-01,39,37.21657,0.08684,A000660,,,kenya,03/01/2018,12/31/2022,250,250,10869e06-e5bf-4b90-abd0-b02f2deaa37b,,
kenya_A000662,2017-12-31,2018-07-01,40,37.41658,0.13246,A000662,,,kenya,03/01/2018,12/31/2022,250,250,f5bfef31-7577-4813-8e94-cd127eb457da,,
kenya_A000662,2018-07-01,2018-12-31,40,37.41658,0.13246,A000662,,,kenya,03/01/2018,12/31/2022,250,250,f5bfef31-7577-4813-8e94-cd127eb457da,,
kenya_A000662,2018-12-31,2019-07-01,40,37.41658,0.13246,A000662,,,kenya,03/01/2018,12/31/2022,250,250,f5bfef31-7577-4813-8e94-cd127eb457da,,
kenya_A000662,2019-07-01,2019-12-31,40,37.41658,0.13246,A000662,,,kenya,03/01/2018,12/31/2022,250,250,f5bfef31-7577-4813-8e94-cd127eb457da,,
kenya_A000662,2019-12-31,2020-07-01,40,37.41658,0.13246,A000662,,,kenya,03/01/2018,12/31/2022,250,250,f5bfef31-7577-4813-8e94-cd127eb457da,,
kenya_A000662,2020-07-01,2020-12-31,40,37.41658,0.13246,A000662,,,kenya,03/01/2018,12/31/2022,250,250,f5bfef31-7577-4813-8e94-cd127eb457da,,
kenya_A000662,2020-12-31,2021-07-01,40,37.41658,0.13246,A000662,,,kenya,03/01/2018,12/31/2022,250,250,f5bfef31-7577-4813-8e94-cd127eb457da,,
kenya_A000662,2021-07-01,2021-12-31,40,37.41658,0.13246,A000662,,,kenya,03/01/2018,12/31/2022,250,250,f5bfef31-7577-4813-8e94-cd127eb457da,,
kenya_A000662,2021-12-31,2022-07-01,40,37.41658,0.13246,A000662,,,kenya,03/01/2018,12/31/2022,250,250,f5bfef31-7577-4813-8e94-cd127eb457da,,
kenya_A000662,2022-07-01,2022-12-31,40,37.41658,0.13246,A000662,,,kenya,03/01/2018,12/31/2022,250,250,f5bfef31-7577-4813-8e94-cd127eb457da,,
kenya_A000662,2022-12-31,2023-03-01,40,37.41658,0.13246,A000662,,,kenya,03/01/2018,12/31/2022,250,250,f5bfef31-7577-4813-8e94-cd127eb457da,,
kenya_A000669,2017-12-31,2018-07-01,41,37.14501,0.10258,A000669,,,kenya,03/01/2018,12/31/2022,250,250,98a812f0-979c-4ac3-9085-6db256d84397,,
kenya_A000669,2018-07-01,2018-12-31,41,37.14501,0.10258,A000669,,,kenya,03/01/2018,12/31/2022,250,250,98a812f0-979c-4ac3-9085-6db256d84397,,
kenya_A000669,2018-12-31,2019-07-01,41,37.14501,0.10258,A000669,,,kenya,03/01/2018,12/31/2022,250,250,98a812f0-979c-4ac3-9085-6db256d84397,,
kenya_A000669,2019-07-01,2019-12-31,41,37.14501,0.10258,A000669,,,kenya,03/01/2018,12/31/2022,250,250,98a812f0-979c-4ac3-9085-6db256d84397,,
kenya_A000669,2019-12-31,2020-07-01,41,37.14501,0.10258,A000669,,,kenya,03/01/2018,12/31/2022,250,250,98a812f0-979c-4ac3-9085-6db256d84397,,
kenya_A000669,2020-07-01,2020-12-31,41,37.14501,0.10258,A000669,,,kenya,03/01/2018,12/31/2022,250,250,98a812f0-979c-4ac3-9085-6db256d84397,,
kenya_A000669,2020-12-31,2021-07-01,41,37.14501,0.10258,A000669,,,kenya,03/01/2018,12/31/2022,250,250,98a812f0-979c-4ac3-9085-6db256d84397,,
kenya_A000669,2021-07-01,2021-12-31,41,37.14501,0.10258,A000669,,,kenya,03/01/2018,12/31/2022,250,250,98a812f0-979c-4ac3-9085-6db256d84397,,
kenya_A000669,2021-12-31,2022-07-01,41,37.14501,0.10258,A000669,,,kenya,03/01/2018,12/31/2022,250,250,98a812f0-979c-4ac3-9085-6db256d84397,,
kenya_A000669,2022-07-01,2022-12-31,41,37.14501,0.10258,A000669,,,kenya,03/01/2018,12/31/2022,250,250,98a812f0-979c-4ac3-9085-6db256d84397,,
kenya_A000669,2022-12-31,2023-03-01,41,37.14501,0.10258,A000669,,,kenya,03/01/2018,12/31/2022,250,250,98a812f0-979c-4ac3-9085-6db256d84397,,
kenya_A000684,2017-12-31,2018-07-01,42,37.12034,0.09363,A000684,,,kenya,03/01/2018,12/31/2022,250,250,d0d6acf0-9640-4674-8a19-2d0b5c854f49,,
kenya_A000684,2018-07-01,2018-12-31,42,37.12034,0.09363,A000684,,,kenya,03/01/2018,12/31/2022,250,250,d0d6acf0-9640-4674-8a19-2d0b5c854f49,,
kenya_A000684,2018-12-31,2019-07-01,42,37.12034,0.09363,A000684,,,kenya,03/01/2018,12/31/2022,250,250,d0d6acf0-9640-4674-8a19-2d0b5c854f49,,
kenya_A000684,2019-07-01,2019-12-31,42,37.12034,0.09363,A000684,,,kenya,03/01/2018,12/31/2022,250,250,d0d6acf0-9640-4674-8a19-2d0b5c854f49,,
kenya_A000684,2019-12-31,2020-07-01,42,37.12034,0.09363,A000684,,,kenya,03/01/2018,12/31/2022,250,250,d0d6acf0-9640-4674-8a19-2d0b5c854f49,,
kenya_A000684,2020-07-01,2020-12-31,42,37.12034,0.09363,A000684,,,kenya,03/01/2018,12/31/2022,250,250,d0d6acf0-9640-4674-8a19-2d0b5c854f49,,
kenya_A000684,2020-12-31,2021-07-01,42,37.12034,0.09363,A000684,,,kenya,03/01/2018,12/31/2022,250,250,d0d6acf0-9640-4674-8a19-2d0b5c854f49,,
kenya_A000684,2021-07-01,2021-12-31,42,37.12034,0.09363,A000684,,,kenya,03/01/2018,12/31/2022,250,250,d0d6acf0-9640-4674-8a19-2d0b5c854f49,,
kenya_A000684,2021-12-31,2022-07-01,42,37.12034,0.09363,A000684,,,kenya,03/01/2018,12/31/2022,250,250,d0d6acf0-9640-4674-8a19-2d0b5c854f49,,
kenya_A000684,2022-07-01,2022-12-31,42,37.12034,0.09363,A000684,,,kenya,03/01/2018,12/31/2022,250,250,d0d6acf0-9640-4674-8a19-2d0b5c854f49,,
kenya_A000684,2022-12-31,2023-03-01,42,37.12034,0.09363,A000684,,,kenya,03/01/2018,12/31/2022,250,250,d0d6acf0-9640-4674-8a19-2d0b5c854f49,,
kenya_A000688,2017-12-31,2018-07-01,43,37.04907,0.10013,A000688,,,kenya,03/01/2018,12/31/2022,250,250,7518eded-6555-43ec-bd2c-faf3df032737,,
kenya_A000688,2018-07-01,2018-12-31,43,37.04907,0.10013,A000688,,,kenya,03/01/2018,12/31/2022,250,250,7518eded-6555-43ec-bd2c-faf3df032737,,
kenya_A000688,2018-12-31,2019-07-01,43,37.04907,0.10013,A000688,,,kenya,03/01/2018,12/31/2022,250,250,7518eded-6555-43ec-bd2c-faf3df032737,,
kenya_A000688,2019-07-01,2019-12-31,43,37.04907,0.10013,A000688,,,kenya,03/01/2018,12/31/2022,250,250,7518eded-6555-43ec-bd2c-faf3df032737,,
kenya_A000688,2019-12-31,2020-07-01,43,37.04907,0.10013,A000688,,,kenya,03/01/2018,12/31/2022,250,250,7518eded-6555-43ec-bd2c-faf3df032737,,
kenya_A000688,2020-07-01,2020-12-31,43,37.04907,0.10013,A000688,,,kenya,03/01/2018,12/31/2022,250,250,7518eded-6555-43ec-bd2c-faf3df032737,,
kenya_A000688,2020-12-31,2021-07-01,43,37.04907,0.10013,A000688,,,kenya,03/01/2018,12/31/2022,250,250,7518eded-6555-43ec-bd2c-faf3df032737,,
kenya_A000688,2021-07-01,2021-12-31,43,37.04907,0.10013,A000688,,,kenya,03/01/2018,12/31/2022,250,250,7518eded-6555-43ec-bd2c-faf3df032737,,
kenya_A000688,2021-12-31,2022-07-01,43,37.04907,0.10013,A000688,,,kenya,03/01/2018,12/31/2022,250,250,7518eded-6555-43ec-bd2c-faf3df032737,,
kenya_A000688,2022-07-01,2022-12-31,43,37.04907,0.10013,A000688,,,kenya,03/01/2018,12/31/2022,250,250,7518eded-6555-43ec-bd2c-faf3df032737,,
kenya_A000688,2022-12-31,2023-03-01,43,37.04907,0.10013,A000688,,,kenya,03/01/2018,12/31/2022,250,250,7518eded-6555-43ec-bd2c-faf3df032737,,
kenya_A000691,2017-12-31,2018-07-01,44,37.11346,0.058,A000691,,,kenya,03/01/2018,12/31/2022,250,250,40688c12-4b36-459a-b9e0-7b90b39000ea,,
kenya_A000691,2018-07-01,2018-12-31,44,37.11346,0.058,A000691,,,kenya,03/01/2018,12/31/2022,250,250,40688c12-4b36-459a-b9e0-7b90b39000ea,,
kenya_A000691,2018-12-31,2019-07-01,44,37.11346,0.058,A000691,,,kenya,03/01/2018,12/31/2022,250,250,40688c12-4b36-459a-b9e0-7b90b39000ea,,
kenya_A000691,2019-07-01,2019-12-31,44,37.11346,0.058,A000691,,,kenya,03/01/2018,12/31/2022,250,250,40688c12-4b36-459a-b9e0-7b90b39000ea,,
kenya_A000691,2019-12-31,2020-07-01,44,37.11346,0.058,A000691,,,kenya,03/01/2018,12/31/2022,250,250,40688c12-4b36-459a-b9e0-7b90b39000ea,,
kenya_A000691,2020-07-01,2020-12-31,44,37.11346,0.058,A000691,,,kenya,03/01/2018,12/31/2022,250,250,40688c12-4b36-459a-b9e0-7b90b39000ea,,
kenya_A000691,2020-12-31,2021-07-01,44,37.11346,0.058,A000691,,,kenya,03/01/2018,12/31/2022,250,250,40688c12-4b36-459a-b9e0-7b90b39000ea,,
kenya_A000691,2021-07-01,2021-12-31,44,37.11346,0.058,A000691,,,kenya,03/01/2018,12/31/2022,250,250,40688c12-4b36-459a-b9e0-7b90b39000ea,,
kenya_A000691,2021-12-31,2022-07-01,44,37.11346,0.058,A000691,,,kenya,03/01/2018,12/31/2022,250,250,40688c12-4b36-459a-b9e0-7b90b39000ea,,
kenya_A000691,2022-07-01,2022-12-31,44,37.11346,0.058,A000691,,,kenya,03/01/2018,12/31/2022,250,250,40688c12-4b36-459a-b9e0-7b90b39000ea,,
kenya_A000691,2022-12-31,2023-03-01,44,37.11346,0.058,A000691,,,kenya,03/01/2018,12/31/2022,250,250,40688c12-4b36-459a-b9e0-7b90b39000ea,,
kenya_A000693,2017-12-31,2018-07-01,45,37.09107,0.11705,A000693,,,kenya,03/01/2018,12/31/2022,250,250,6f9ff8a8-b5ba-430e-ab54-9101111b6100,,
kenya_A000693,2018-07-01,2018-12-31,45,37.09107,0.11705,A000693,,,kenya,03/01/2018,12/31/2022,250,250,6f9ff8a8-b5ba-430e-ab54-9101111b6100,,
kenya_A000693,2018-12-31,2019-07-01,45,37.09107,0.11705,A000693,,,kenya,03/01/2018,12/31/2022,250,250,6f9ff8a8-b5ba-430e-ab54-9101111b6100,,
kenya_A000693,2019-07-01,2019-12-31,45,37.09107,0.11705,A000693,,,kenya,03/01/2018,12/31/2022,250,250,6f9ff8a8-b5ba-430e-ab54-9101111b6100,,
kenya_A000693,2019-12-31,2020-07-01,45,37.09107,0.11705,A000693,,,kenya,03/01/2018,12/31/2022,250,250,6f9ff8a8-b5ba-430e-ab54-9101111b6100,,
kenya_A000693,2020-07-01,2020-12-31,45,37.09107,0.11705,A000693,,,kenya,03/01/2018,12/31/2022,250,250,6f9ff8a8-b5ba-430e-ab54-9101111b6100,,
kenya_A000693,2020-12-31,2021-07-01,45,37.09107,0.11705,A000693,,,kenya,03/01/2018,12/31/2022,250,250,6f9ff8a8-b5ba-430e-ab54-9101111b6100,,
kenya_A000693,2021-07-01,2021-12-31,45,37.09107,0.11705,A000693,,,kenya,03/01/2018,12/31/2022,250,250,6f9ff8a8-b5ba-430e-ab54-9101111b6100,,
kenya_A000693,2021-12-31,2022-07-01,45,37.09107,0.11705,A000693,,,kenya,03/01/2018,12/31/2022,250,250,6f9ff8a8-b5ba-430e-ab54-9101111b6100,,
kenya_A000693,2022-07-01,2022-12-31,45,37.09107,0.11705,A000693,,,kenya,03/01/2018,12/31/2022,250,250,6f9ff8a8-b5ba-430e-ab54-9101111b6100,,
kenya_A000693,2022-12-31,2023-03-01,45,37.09107,0.11705,A000693,,,kenya,03/01/2018,12/31/2022,250,250,6f9ff8a8-b5ba-430e-ab54-9101111b6100,,
kenya_A000694,2017-12-31,2018-07-01,46,37.10249,-0.04098,A000694,,,kenya,03/01/2018,12/31/2022,250,250,cc367092-b519-478a-aa04-ebc5655b77a1,,
kenya_A000694,2018-07-01,2018-12-31,46,37.10249,-0.04098,A000694,,,kenya,03/01/2018,12/31/2022,250,250,cc367092-b519-478a-aa04-ebc5655b77a1,,
kenya_A000694,2018-12-31,2019-07-01,46,37.10249,-0.04098,A000694,,,kenya,03/01/2018,12/31/2022,250,250,cc367092-b519-478a-aa04-ebc5655b77a1,,
kenya_A000694,2019-07-01,2019-12-31,46,37.10249,-0.04098,A000694,,,kenya,03/01/2018,12/31/2022,250,250,cc367092-b519-478a-aa04-ebc5655b77a1,,
kenya_A000694,2019-12-31,2020-07-01,46,37.10249,-0.04098,A000694,,,kenya,03/01/2018,12/31/2022,250,250,cc367092-b519-478a-aa04-ebc5655b77a1,,
kenya_A000694,2020-07-01,2020-12-31,46,37.10249,-0.04098,A000694,,,kenya,03/01/2018,12/31/2022,250,250,cc367092-b519-478a-aa04-ebc5655b77a1,,
kenya_A000694,2020-12-31,2021-07-01,46,37.10249,-0.04098,A000694,,,kenya,03/01/2018,12/31/2022,250,250,cc367092-b519-478a-aa04-ebc5655b77a1,,
kenya_A000694,2021-07-01,2021-12-31,46,37.10249,-0.04098,A000694,,,kenya,03/01/2018,12/31/2022,250,250,cc367092-b519-478a-aa04-ebc5655b77a1,,
kenya_A000694,2021-12-31,2022-07-01,46,37.10249,-0.04098,A000694,,,kenya,03/01/2018,12/31/2022,250,250,cc367092-b519-478a-aa04-ebc5655b77a1,,
kenya_A000694,2022-07-01,2022-12-31,46,37.10249,-0.04098,A000694,,,kenya,03/01/2018,12/31/2022,250,250,cc367092-b519-478a-aa04-ebc5655b77a1,,
kenya_A000694,2022-12-31,2023-03-01,46,37.10249,-0.04098,A000694,,,kenya,03/01/2018,12/31/2022,250,250,cc367092-b519-478a-aa04-ebc5655b77a1,,
kenya_A000702,2017-12-31,2018-07-01,47,37.06947,0.04583,A000702,,,kenya,03/01/2018,12/31/2022,250,250,db5fb453-16e2-480f-9c78-46969e185454,,
kenya_A000702,2018-07-01,2018-12-31,47,37.06947,0.04583,A000702,,,kenya,03/01/2018,12/31/2022,250,250,db5fb453-16e2-480f-9c78-46969e185454,,
kenya_A000702,2018-12-31,2019-07-01,47,37.06947,0.04583,A000702,,,kenya,03/01/2018,12/31/2022,250,250,db5fb453-16e2-480f-9c78-46969e185454,,
kenya_A000702,2019-07-01,2019-12-31,47,37.06947,0.04583,A000702,,,kenya,03/01/2018,12/31/2022,250,250,db5fb453-16e2-480f-9c78-46969e185454,,
kenya_A000702,2019-12-31,2020-07-01,47,37.06947,0.04583,A000702,,,kenya,03/01/2018,12/31/2022,250,250,db5fb453-16e2-480f-9c78-46969e185454,,
kenya_A000702,2020-07-01,2020-12-31,47,37.06947,0.04583,A000702,,,kenya,03/01/2018,12/31/2022,250,250,db5fb453-16e2-480f-9c78-46969e185454,,
kenya_A000702,2020-12-31,2021-07-01,47,37.06947,0.04583,A000702,,,kenya,03/01/2018,12/31/2022,250,250,db5fb453-16e2-480f-9c78-46969e185454,,
kenya_A000702,2021-07-01,2021-12-31,47,37.06947,0.04583,A000702,,,kenya,03/01/2018,12/31/2022,250,250,db5fb453-16e2-480f-9c78-46969e185454,,
kenya_A000702,2021-12-31,2022-07-01,47,37.06947,0.04583,A000702,,,kenya,03/01/2018,12/31/2022,250,250,db5fb453-16e2-480f-9c78-46969e185454,,
kenya_A000702,2022-07-01,2022-12-31,47,37.06947,0.04583,A000702,,,kenya,03/01/2018,12/31/2022,250,250,db5fb453-16e2-480f-9c78-46969e185454,,
kenya_A000702,2022-12-31,2023-03-01,47,37.06947,0.04583,A000702,,,kenya,03/01/2018,12/31/2022,250,250,db5fb453-16e2-480f-9c78-46969e185454,,
kenya_A000706,2017-12-31,2018-07-01,48,37.24906,0.10191,A000706,,,kenya,03/01/2018,12/31/2022,250,250,eacb567b-3614-4991-bc4f-32aff4b251ae,,
kenya_A000706,2018-07-01,2018-12-31,48,37.24906,0.10191,A000706,,,kenya,03/01/2018,12/31/2022,250,250,eacb567b-3614-4991-bc4f-32aff4b251ae,,
kenya_A000706,2018-12-31,2019-07-01,48,37.24906,0.10191,A000706,,,kenya,03/01/2018,12/31/2022,250,250,eacb567b-3614-4991-bc4f-32aff4b251ae,,
kenya_A000706,2019-07-01,2019-12-31,48,37.24906,0.10191,A000706,,,kenya,03/01/2018,12/31/2022,250,250,eacb567b-3614-4991-bc4f-32aff4b251ae,,
kenya_A000706,2019-12-31,2020-07-01,48,37.24906,0.10191,A000706,,,kenya,03/01/2018,12/31/2022,250,250,eacb567b-3614-4991-bc4f-32aff4b251ae,,
kenya_A000706,2020-07-01,2020-12-31,48,37.24906,0.10191,A000706,,,kenya,03/01/2018,12/31/2022,250,250,eacb567b-3614-4991-bc4f-32aff4b251ae,,
kenya_A000706,2020-12-31,2021-07-01,48,37.24906,0.10191,A000706,,,kenya,03/01/2018,12/31/2022,250,250,eacb567b-3614-4991-bc4f-32aff4b251ae,,
kenya_A000706,2021-07-01,2021-12-31,48,37.24906,0.10191,A000706,,,kenya,03/01/2018,12/31/2022,250,250,eacb567b-3614-4991-bc4f-32aff4b251ae,,
kenya_A000706,2021-12-31,2022-07-01,48,37.24906,0.10191,A000706,,,kenya,03/01/2018,12/31/2022,250,250,eacb567b-3614-4991-bc4f-32aff4b251ae,,
kenya_A000706,2022-07-01,2022-12-31,48,37.24906,0.10191,A000706,,,kenya,03/01/2018,12/31/2022,250,250,eacb567b-3614-4991-bc4f-32aff4b251ae,,
kenya_A000706,2022-12-31,2023-03-01,48,37.24906,0.10191,A000706,,,kenya,03/01/2018,12/31/2022,250,250,eacb567b-3614-4991-bc4f-32aff4b251ae,,
kenya_A000708,2017-12-31,2018-07-01,49,37.05657,-0.05785,A000708,,,kenya,03/01/2018,12/31/2022,250,250,890775b9-44b3-49d6-b453-c5e501eedde0,,
kenya_A000708,2018-07-01,2018-12-31,49,37.05657,-0.05785,A000708,,,kenya,03/01/2018,12/31/2022,250,250,890775b9-44b3-49d6-b453-c5e501eedde0,,
kenya_A000708,2018-12-31,2019-07-01,49,37.05657,-0.05785,A000708,,,kenya,03/01/2018,12/31/2022,250,250,890775b9-44b3-49d6-b453-c5e501eedde0,,
kenya_A000708,2019-07-01,2019-12-31,49,37.05657,-0.05785,A000708,,,kenya,03/01/2018,12/31/2022,250,250,890775b9-44b3-49d6-b453-c5e501eedde0,,
kenya_A000708,2019-12-31,2020-07-01,49,37.05657,-0.05785,A000708,,,kenya,03/01/2018,12/31/2022,250,250,890775b9-44b3-49d6-b453-c5e501eedde0,,
kenya_A000708,2020-07-01,2020-12-31,49,37.05657,-0.05785,A000708,,,kenya,03/01/2018,12/31/2022,250,250,890775b9-44b3-49d6-b453-c5e501eedde0,,
kenya_A000708,2020-12-31,2021-07-01,49,37.05657,-0.05785,A000708,,,kenya,03/01/2018,12/31/2022,250,250,890775b9-44b3-49d6-b453-c5e501eedde0,,
kenya_A000708,2021-07-01,2021-12-31,49,37.05657,-0.05785,A000708,,,kenya,03/01/2018,12/31/2022,250,250,890775b9-44b3-49d6-b453-c5e501eedde0,,
kenya_A000708,2021-12-31,2022-07-01,49,37.05657,-0.05785,A000708,,,kenya,03/01/2018,12/31/2022,250,250,890775b9-44b3-49d6-b453-c5e501eedde0,,
kenya_A000708,2022-07-01,2022-12-31,49,37.05657,-0.05785,A000708,,,kenya,03/01/2018,12/31/2022,250,250,890775b9-44b3-49d6-b453-c5e501eedde0,,
kenya_A000708,2022-12-31,2023-03-01,49,37.05657,-0.05785,A000708,,,kenya,03/01/2018,12/31/2022,250,250,890775b9-44b3-49d6-b453-c5e501eedde0,,
kenya_A000709,2017-12-31,2018-07-01,50,36.98456,0.01488,A000709,,,kenya,03/01/2018,12/31/2022,250,250,3b0dc01e-e14b-4797-bef8-1bdbf4c74f63,,
kenya_A000709,2018-07-01,2018-12-31,50,36.98456,0.01488,A000709,,,kenya,03/01/2018,12/31/2022,250,250,3b0dc01e-e14b-4797-bef8-1bdbf4c74f63,,
kenya_A000709,2018-12-31,2019-07-01,50,36.98456,0.01488,A000709,,,kenya,03/01/2018,12/31/2022,250,250,3b0dc01e-e14b-4797-bef8-1bdbf4c74f63,,
kenya_A000709,2019-07-01,2019-12-31,50,36.98456,0.01488,A000709,,,kenya,03/01/2018,12/31/2022,250,250,3b0dc01e-e14b-4797-bef8-1bdbf4c74f63,,
kenya_A000709,2019-12-31,2020-07-01,50,36.98456,0.01488,A000709,,,kenya,03/01/2018,12/31/2022,250,250,3b0dc01e-e14b-4797-bef8-1bdbf4c74f63,,
kenya_A000709,2020-07-01,2020-12-31,50,36.98456,0.01488,A000709,,,kenya,03/01/2018,12/31/2022,250,250,3b0dc01e-e14b-4797-bef8-1bdbf4c74f63,,
kenya_A000709,2020-12-31,2021-07-01,50,36.98456,0.01488,A000709,,,kenya,03/01/2018,12/31/2022,250,250,3b0dc01e-e14b-4797-bef8-1bdbf4c74f63,,
kenya_A000709,2021-07-01,2021-12-31,50,36.98456,0.01488,A000709,,,kenya,03/01/2018,12/31/2022,250,250,3b0dc01e-e14b-4797-bef8-1bdbf4c74f63,,
kenya_A000709,2021-12-31,2022-07-01,50,36.98456,0.01488,A000709,,,kenya,03/01/2018,12/31/2022,250,250,3b0dc01e-e14b-4797-bef8-1bdbf4c74f63,,
kenya_A000709,2022-07-01,2022-12-31,50,36.98456,0.01488,A000709,,,kenya,03/01/2018,12/31/2022,250,250,3b0dc01e-e14b-4797-bef8-1bdbf4c74f63,,
kenya_A000709,2022-12-31,2023-03-01,50,36.98456,0.01488,A000709,,,kenya,03/01/2018,12/31/2022,250,250,3b0dc01e-e14b-4797-bef8-1bdbf4c74f63,,
kenya_A000716,2017-12-31,2018-07-01,51,37.04585,-0.03129,A000716,,,kenya,03/01/2018,12/31/2022,250,250,d25ecd00-20c1-429a-9846-1c2ca28cc3be,,
kenya_A000716,2018-07-01,2018-12-31,51,37.04585,-0.03129,A000716,,,kenya,03/01/2018,12/31/2022,250,250,d25ecd00-20c1-429a-9846-1c2ca28cc3be,,
kenya_A000716,2018-12-31,2019-07-01,51,37.04585,-0.03129,A000716,,,kenya,03/01/2018,12/31/2022,250,250,d25ecd00-20c1-429a-9846-1c2ca28cc3be,,
kenya_A000716,2019-07-01,2019-12-31,51,37.04585,-0.03129,A000716,,,kenya,03/01/2018,12/31/2022,250,250,d25ecd00-20c1-429a-9846-1c2ca28cc3be,,
kenya_A000716,2019-12-31,2020-07-01,51,37.04585,-0.03129,A000716,,,kenya,03/01/2018,12/31/2022,250,250,d25ecd00-20c1-429a-9846-1c2ca28cc3be,,
kenya_A000716,2020-07-01,2020-12-31,51,37.04585,-0.03129,A000716,,,kenya,03/01/2018,12/31/2022,250,250,d25ecd00-20c1-429a-9846-1c2ca28cc3be,,
kenya_A000716,2020-12-31,2021-07-01,51,37.04585,-0.03129,A000716,,,kenya,03/01/2018,12/31/2022,250,250,d25ecd00-20c1-429a-9846-1c2ca28cc3be,,
kenya_A000716,2021-07-01,2021-12-31,51,37.04585,-0.03129,A000716,,,kenya,03/01/2018,12/31/2022,250,250,d25ecd00-20c1-429a-9846-1c2ca28cc3be,,
kenya_A000716,2021-12-31,2022-07-01,51,37.04585,-0.03129,A000716,,,kenya,03/01/2018,12/31/2022,250,250,d25ecd00-20c1-429a-9846-1c2ca28cc3be,,
kenya_A000716,2022-07-01,2022-12-31,51,37.04585,-0.03129,A000716,,,kenya,03/01/2018,12/31/2022,250,250,d25ecd00-20c1-429a-9846-1c2ca28cc3be,,
kenya_A000716,2022-12-31,2023-03-01,51,37.04585,-0.03129,A000716,,,kenya,03/01/2018,12/31/2022,250,250,d25ecd00-20c1-429a-9846-1c2ca28cc3be,,
kenya_A000722,2017-12-31,2018-07-01,52,37.12959,-0.01424,A000722,,,kenya,03/01/2018,12/31/2022,250,250,7e3a9307-ed9c-421c-a13b-160f3728b79f,,
kenya_A000722,2018-07-01,2018-12-31,52,37.12959,-0.01424,A000722,,,kenya,03/01/2018,12/31/2022,250,250,7e3a9307-ed9c-421c-a13b-160f3728b79f,,
kenya_A000722,2018-12-31,2019-07-01,52,37.12959,-0.01424,A000722,,,kenya,03/01/2018,12/31/2022,250,250,7e3a9307-ed9c-421c-a13b-160f3728b79f,,
kenya_A000722,2019-07-01,2019-12-31,52,37.12959,-0.01424,A000722,,,kenya,03/01/2018,12/31/2022,250,250,7e3a9307-ed9c-421c-a13b-160f3728b79f,,
kenya_A000722,2019-12-31,2020-07-01,52,37.12959,-0.01424,A000722,,,kenya,03/01/2018,12/31/2022,250,250,7e3a9307-ed9c-421c-a13b-160f3728b79f,,
kenya_A000722,2020-07-01,2020-12-31,52,37.12959,-0.01424,A000722,,,kenya,03/01/2018,12/31/2022,250,250,7e3a9307-ed9c-421c-a13b-160f3728b79f,,
kenya_A000722,2020-12-31,2021-07-01,52,37.12959,-0.01424,A000722,,,kenya,03/01/2018,12/31/2022,250,250,7e3a9307-ed9c-421c-a13b-160f3728b79f,,
kenya_A000722,2021-07-01,2021-12-31,52,37.12959,-0.01424,A000722,,,kenya,03/01/2018,12/31/2022,250,250,7e3a9307-ed9c-421c-a13b-160f3728b79f,,
kenya_A000722,2021-12-31,2022-07-01,52,37.12959,-0.01424,A000722,,,kenya,03/01/2018,12/31/2022,250,250,7e3a9307-ed9c-421c-a13b-160f3728b79f,,
kenya_A000722,2022-07-01,2022-12-31,52,37.12959,-0.01424,A000722,,,kenya,03/01/2018,12/31/2022,250,250,7e3a9307-ed9c-421c-a13b-160f3728b79f,,
kenya_A000722,2022-12-31,2023-03-01,52,37.12959,-0.01424,A000722,,,kenya,03/01/2018,12/31/2022,250,250,7e3a9307-ed9c-421c-a13b-160f3728b79f,,
kenya_A000724,2017-12-31,2018-07-01,53,37.07295,0.13545,A000724,,,kenya,03/01/2018,12/31/2022,250,250,594f0d20-8015-459a-b933-45376139efe9,,
kenya_A000724,2018-07-01,2018-12-31,53,37.07295,0.13545,A000724,,,kenya,03/01/2018,12/31/2022,250,250,594f0d20-8015-459a-b933-45376139efe9,,
kenya_A000724,2018-12-31,2019-07-01,53,37.07295,0.13545,A000724,,,kenya,03/01/2018,12/31/2022,250,250,594f0d20-8015-459a-b933-45376139efe9,,
kenya_A000724,2019-07-01,2019-12-31,53,37.07295,0.13545,A000724,,,kenya,03/01/2018,12/31/2022,250,250,594f0d20-8015-459a-b933-45376139efe9,,
kenya_A000724,2019-12-31,2020-07-01,53,37.07295,0.13545,A000724,,,kenya,03/01/2018,12/31/2022,250,250,594f0d20-8015-459a-b933-45376139efe9,,
kenya_A000724,2020-07-01,2020-12-31,53,37.07295,0.13545,A000724,,,kenya,03/01/2018,12/31/2022,250,250,594f0d20-8015-459a-b933-45376139efe9,,
kenya_A000724,2020-12-31,2021-07-01,53,37.07295,0.13545,A000724,,,kenya,03/01/2018,12/31/2022,250,250,594f0d20-8015-459a-b933-45376139efe9,,
kenya_A000724,2021-07-01,2021-12-31,53,37.07295,0.13545,A000724,,,kenya,03/01/2018,12/31/2022,250,250,594f0d20-8015-459a-b933-45376139efe9,,
kenya_A000724,2021-12-31,2022-07-01,53,37.07295,0.13545,A000724,,,kenya,03/01/2018,12/31/2022,250,250,594f0d20-8015-459a-b933-45376139efe9,,
kenya_A000724,2022-07-01,2022-12-31,53,37.07295,0.13545,A000724,,,kenya,03/01/2018,12/31/2022,250,250,594f0d20-8015-459a-b933-45376139efe9,,
kenya_A000724,2022-12-31,2023-03-01,53,37.07295,0.13545,A000724,,,kenya,03/01/2018,12/31/2022,250,250,594f0d20-8015-459a-b933-45376139efe9,,
kenya_A000729,2017-12-31,2018-07-01,54,37.07884,0.10557,A000729,,,kenya,03/01/2018,12/31/2022,250,250,dc3c3fe5-b02b-47fa-9798-c62c8936d679,,
kenya_A000729,2018-07-01,2018-12-31,54,37.07884,0.10557,A000729,,,kenya,03/01/2018,12/31/2022,250,250,dc3c3fe5-b02b-47fa-9798-c62c8936d679,,
kenya_A000729,2018-12-31,2019-07-01,54,37.07884,0.10557,A000729,,,kenya,03/01/2018,12/31/2022,250,250,dc3c3fe5-b02b-47fa-9798-c62c8936d679,,
kenya_A000729,2019-07-01,2019-12-31,54,37.07884,0.10557,A000729,,,kenya,03/01/2018,12/31/2022,250,250,dc3c3fe5-b02b-47fa-9798-c62c8936d679,,
kenya_A000729,2019-12-31,2020-07-01,54,37.07884,0.10557,A000729,,,kenya,03/01/2018,12/31/2022,250,250,dc3c3fe5-b02b-47fa-9798-c62c8936d679,,
kenya_A000729,2020-07-01,2020-12-31,54,37.07884,0.10557,A000729,,,kenya,03/01/2018,12/31/2022,250,250,dc3c3fe5-b02b-47fa-9798-c62c8936d679,,
kenya_A000729,2020-12-31,2021-07-01,54,37.07884,0.10557,A000729,,,kenya,03/01/2018,12/31/2022,250,250,dc3c3fe5-b02b-47fa-9798-c62c8936d679,,
kenya_A000729,2021-07-01,2021-12-31,54,37.07884,0.10557,A000729,,,kenya,03/01/2018,12/31/2022,250,250,dc3c3fe5-b02b-47fa-9798-c62c8936d679,,
kenya_A000729,2021-12-31,2022-07-01,54,37.07884,0.10557,A000729,,,kenya,03/01/2018,12/31/2022,250,250,dc3c3fe5-b02b-47fa-9798-c62c8936d679,,
kenya_A000729,2022-07-01,2022-12-31,54,37.07884,0.10557,A000729,,,kenya,03/01/2018,12/31/2022,250,250,dc3c3fe5-b02b-47fa-9798-c62c8936d679,,
kenya_A000729,2022-12-31,2023-03-01,54,37.07884,0.10557,A000729,,,kenya,03/01/2018,12/31/2022,250,250,dc3c3fe5-b02b-47fa-9798-c62c8936d679,,
kenya_A000756,2017-12-31,2018-07-01,55,37.19581,0.07336,A000756,,,kenya,03/01/2018,12/31/2022,250,250,18f1056d-913f-4d37-9d74-ef2996348302,,
kenya_A000756,2018-07-01,2018-12-31,55,37.19581,0.07336,A000756,,,kenya,03/01/2018,12/31/2022,250,250,18f1056d-913f-4d37-9d74-ef2996348302,,
kenya_A000756,2018-12-31,2019-07-01,55,37.19581,0.07336,A000756,,,kenya,03/01/2018,12/31/2022,250,250,18f1056d-913f-4d37-9d74-ef2996348302,,
kenya_A000756,2019-07-01,2019-12-31,55,37.19581,0.07336,A000756,,,kenya,03/01/2018,12/31/2022,250,250,18f1056d-913f-4d37-9d74-ef2996348302,,
kenya_A000756,2019-12-31,2020-07-01,55,37.19581,0.07336,A000756,,,kenya,03/01/2018,12/31/2022,250,250,18f1056d-913f-4d37-9d74-ef2996348302,,
kenya_A000756,2020-07-01,2020-12-31,55,37.19581,0.07336,A000756,,,kenya,03/01/2018,12/31/2022,250,250,18f1056d-913f-4d37-9d74-ef2996348302,,
kenya_A000756,2020-12-31,2021-07-01,55,37.19581,0.07336,A000756,,,kenya,03/01/2018,12/31/2022,250,250,18f1056d-913f-4d37-9d74-ef2996348302,,
kenya_A000756,2021-07-01,2021-12-31,55,37.19581,0.07336,A000756,,,kenya,03/01/2018,12/31/2022,250,250,18f1056d-913f-4d37-9d74-ef2996348302,,
kenya_A000756,2021-12-31,2022-07-01,55,37.19581,0.07336,A000756,,,kenya,03/01/2018,12/31/2022,250,250,18f1056d-913f-4d37-9d74-ef2996348302,,
kenya_A000756,2022-07-01,2022-12-31,55,37.19581,0.07336,A000756,,,kenya,03/01/2018,12/31/2022,250,250,18f1056d-913f-4d37-9d74-ef2996348302,,
kenya_A000756,2022-12-31,2023-03-01,55,37.19581,0.07336,A000756,,,kenya,03/01/2018,12/31/2022,250,250,18f1056d-913f-4d37-9d74-ef2996348302,,
kenya_A000769,2017-12-31,2018-07-01,56,37.2139,0.04287,A000769,,,kenya,03/01/2018,12/31/2022,250,250,6b967311-5f56-4563-a2cb-c4d19f9a9f4a,,
kenya_A000769,2018-07-01,2018-12-31,56,37.2139,0.04287,A000769,,,kenya,03/01/2018,12/31/2022,250,250,6b967311-5f56-4563-a2cb-c4d19f9a9f4a,,
kenya_A000769,2018-12-31,2019-07-01,56,37.2139,0.04287,A000769,,,kenya,03/01/2018,12/31/2022,250,250,6b967311-5f56-4563-a2cb-c4d19f9a9f4a,,
kenya_A000769,2019-07-01,2019-12-31,56,37.2139,0.04287,A000769,,,kenya,03/01/2018,12/31/2022,250,250,6b967311-5f56-4563-a2cb-c4d19f9a9f4a,,
kenya_A000769,2019-12-31,2020-07-01,56,37.2139,0.04287,A000769,,,kenya,03/01/2018,12/31/2022,250,250,6b967311-5f56-4563-a2cb-c4d19f9a9f4a,,
kenya_A000769,2020-07-01,2020-12-31,56,37.2139,0.04287,A000769,,,kenya,03/01/2018,12/31/2022,250,250,6b967311-5f56-4563-a2cb-c4d19f9a9f4a,,
kenya_A000769,2020-12-31,2021-07-01,56,37.2139,0.04287,A000769,,,kenya,03/01/2018,12/31/2022,250,250,6b967311-5f56-4563-a2cb-c4d19f9a9f4a,,
kenya_A000769,2021-07-01,2021-12-31,56,37.2139,0.04287,A000769,,,kenya,03/01/2018,12/31/2022,250,250,6b967311-5f56-4563-a2cb-c4d19f9a9f4a,,
kenya_A000769,2021-12-31,2022-07-01,56,37.2139,0.04287,A000769,,,kenya,03/01/2018,12/31/2022,250,250,6b967311-5f56-4563-a2cb-c4d19f9a9f4a,,
kenya_A000769,2022-07-01,2022-12-31,56,37.2139,0.04287,A000769,,,kenya,03/01/2018,12/31/2022,250,250,6b967311-5f56-4563-a2cb-c4d19f9a9f4a,,
kenya_A000769,2022-12-31,2023-03-01,56,37.2139,0.04287,A000769,,,kenya,03/01/2018,12/31/2022,250,250,6b967311-5f56-4563-a2cb-c4d19f9a9f4a,,
kenya_A000793,2017-12-31,2018-07-01,57,37.02913,-0.0711,A000793,,,kenya,03/01/2018,12/31/2022,250,250,e1bdde30-1ad8-4273-b16f-b65533c14178,,
kenya_A000793,2018-07-01,2018-12-31,57,37.02913,-0.0711,A000793,,,kenya,03/01/2018,12/31/2022,250,250,e1bdde30-1ad8-4273-b16f-b65533c14178,,
kenya_A000793,2018-12-31,2019-07-01,57,37.02913,-0.0711,A000793,,,kenya,03/01/2018,12/31/2022,250,250,e1bdde30-1ad8-4273-b16f-b65533c14178,,
kenya_A000793,2019-07-01,2019-12-31,57,37.02913,-0.0711,A000793,,,kenya,03/01/2018,12/31/2022,250,250,e1bdde30-1ad8-4273-b16f-b65533c14178,,
kenya_A000793,2019-12-31,2020-07-01,57,37.02913,-0.0711,A000793,,,kenya,03/01/2018,12/31/2022,250,250,e1bdde30-1ad8-4273-b16f-b65533c14178,,
kenya_A000793,2020-07-01,2020-12-31,57,37.02913,-0.0711,A000793,,,kenya,03/01/2018,12/31/2022,250,250,e1bdde30-1ad8-4273-b16f-b65533c14178,,
kenya_A000793,2020-12-31,2021-07-01,57,37.02913,-0.0711,A000793,,,kenya,03/01/2018,12/31/2022,250,250,e1bdde30-1ad8-4273-b16f-b65533c14178,,
kenya_A000793,2021-07-01,2021-12-31,57,37.02913,-0.0711,A000793,,,kenya,03/01/2018,12/31/2022,250,250,e1bdde30-1ad8-4273-b16f-b65533c14178,,
kenya_A000793,2021-12-31,2022-07-01,57,37.02913,-0.0711,A000793,,,kenya,03/01/2018,12/31/2022,250,250,e1bdde30-1ad8-4273-b16f-b65533c14178,,
kenya_A000793,2022-07-01,2022-12-31,57,37.02913,-0.0711,A000793,,,kenya,03/01/2018,12/31/2022,250,250,e1bdde30-1ad8-4273-b16f-b65533c14178,,
kenya_A000793,2022-12-31,2023-03-01,57,37.02913,-0.0711,A000793,,,kenya,03/01/2018,12/31/2022,250,250,e1bdde30-1ad8-4273-b16f-b65533c14178,,
Makulu_farmer,2020-09-02,2021-03-02,3,28.28576,-15.58808,A000415,,,Zam_20_21,11/01/2020,05/31/2021,121,166,91bb65ce-98cf-49c3-a983-bbba10817ebb,,
Makulu_farmer,2021-03-02,2021-07-30,3,28.28576,-15.58808,A000415,,,Zam_20_21,11/01/2020,05/31/2021,121,166,91bb65ce-98cf-49c3-a983-bbba10817ebb,,
Makulu_plot_1_21-22,2021-09-02,2022-03-02,13,28.24957,-15.54952,A000693,,,Zam_21_22,11/01/2021,05/31/2022,111,149,ba189070-7763-4acd-8328-f85c6fb8958f,,
Makulu_plot_1_21-22,2022-03-02,2022-07-30,13,28.24957,-15.54952,A000693,,,Zam_21_22,11/01/2021,05/31/2022,111,149,ba189070-7763-4acd-8328-f85c6fb8958f,,
Makulu_plot_13,2020-09-02,2021-03-02,0,28.24915,-15.54929,A000302,,,Zam_20_21,11/01/2020,05/31/2021,195,195,ae2db049-18c1-433c-a7bb-25567410b6d9,,
Makulu_plot_13,2021-03-02,2021-07-30,0,28.24915,-15.54929,A000302,,,Zam_20_21,11/01/2020,05/31/2021,195,195,ae2db049-18c1-433c-a7bb-25567410b6d9,,
Makulu_plot_2_21-22,2021-09-02,2022-03-02,14,28.24956,-15.54955,A000709,,,Zam_21_22,11/01/2021,05/31/2022,111,149,acd6e4a5-0463-442f-9d77-bedfbc6adff6,,
Makulu_plot_2_21-22,2022-03-02,2022-07-30,14,28.24956,-15.54955,A000709,,,Zam_21_22,11/01/2021,05/31/2022,111,149,acd6e4a5-0463-442f-9d77-bedfbc6adff6,,
Makulu_plot_3,2020-09-02,2021-03-02,2,28.24949,-15.54959,A000694,,,Zam_20_21,11/01/2020,05/31/2021,139,195,da665ea7-26db-4762-bfea-fac7ab74b692,,
Makulu_plot_3,2021-03-02,2021-07-30,2,28.24949,-15.54959,A000694,,,Zam_20_21,11/01/2020,05/31/2021,139,195,da665ea7-26db-4762-bfea-fac7ab74b692,,
Makulu_plot_3_21-22,2021-09-02,2022-03-02,15,28.24952,-15.5498,A000477,,,Zam_21_22,11/01/2021,05/31/2022,111,149,c1c74a5b-4fe0-40e8-9efd-fc1abede9959,,
Makulu_plot_3_21-22,2022-03-02,2022-07-30,15,28.24952,-15.5498,A000477,,,Zam_21_22,11/01/2021,05/31/2022,111,149,c1c74a5b-4fe0-40e8-9efd-fc1abede9959,,
Makulu_plot_4_21-22,2021-09-02,2022-03-02,16,28.24945,-15.54958,A000434,,,Zam_21_22,11/01/2021,05/31/2022,111,149,18eb56ae-4a11-40fa-ab7b-d16b20ce901d,,
Makulu_plot_4_21-22,2022-03-02,2022-07-30,16,28.24945,-15.54958,A000434,,,Zam_21_22,11/01/2021,05/31/2022,111,149,18eb56ae-4a11-40fa-ab7b-d16b20ce901d,,
Makulu_plot_5_21-22,2021-09-02,2022-03-02,17,28.24956,-15.54983,A000407,,,Zam_21_22,11/01/2021,05/31/2022,111,149,655b8132-5cec-4cb8-bff7-1664f92b2dff,,
Makulu_plot_5_21-22,2022-03-02,2022-07-30,17,28.24956,-15.54983,A000407,,,Zam_21_22,11/01/2021,05/31/2022,111,149,655b8132-5cec-4cb8-bff7-1664f92b2dff,,
Makulu_plot_6_21-22,2021-09-02,2022-03-02,18,28.24936,-15.54965,A000301,,,Zam_21_22,11/01/2021,05/31/2022,111,149,519a143a-8f70-4a3d-82c0-e9679391056c,,
Makulu_plot_6_21-22,2022-03-02,2022-07-30,18,28.24936,-15.54965,A000301,,,Zam_21_22,11/01/2021,05/31/2022,111,149,519a143a-8f70-4a3d-82c0-e9679391056c,,
Makulu_plot_7,2020-09-02,2021-03-02,1,28.24953,-15.54936,A000291,,,Zam_20_21,11/01/2020,05/31/2021,139,195,23b412d2-7a5b-4085-83ba-b14c119d20ce,,
Makulu_plot_7,2021-03-02,2021-07-30,1,28.24953,-15.54936,A000291,,,Zam_20_21,11/01/2020,05/31/2021,139,195,23b412d2-7a5b-4085-83ba-b14c119d20ce,,
Makulu_plot_7_21-22,2021-09-02,2022-03-02,19,28.24932,-15.54968,A000721,,,Zam_21_22,11/01/2021,05/31/2022,111,149,5ed69fba-6d93-4355-973c-c64b78b2caa1,,
Makulu_plot_7_21-22,2022-03-02,2022-07-30,19,28.24932,-15.54968,A000721,,,Zam_21_22,11/01/2021,05/31/2022,111,149,5ed69fba-6d93-4355-973c-c64b78b2caa1,,
Makulu_plot_8_21-22,2021-09-02,2022-03-02,20,28.24932,-15.54973,A000408,,,Zam_21_22,11/01/2021,05/31/2022,111,149,5708289a-8cfb-48bf-b385-3bcc9cb96cfa,,
Makulu_plot_8_21-22,2022-03-02,2022-07-30,20,28.24932,-15.54973,A000408,,,Zam_21_22,11/01/2021,05/31/2022,111,149,5708289a-8cfb-48bf-b385-3bcc9cb96cfa,,
Makulu_plot_9_21-22,2021-09-02,2022-03-02,21,28.24927,-15.54975,A000784,,,Zam_21_22,11/01/2021,05/31/2022,111,149,f94b3be1-fc79-4423-94a3-d07f2c916323,,
Makulu_plot_9_21-22,2022-03-02,2022-07-30,21,28.24927,-15.54975,A000784,,,Zam_21_22,11/01/2021,05/31/2022,111,149,f94b3be1-fc79-4423-94a3-d07f2c916323,,
Mufulira_farmer,2020-09-02,2021-03-02,9,28.15108,-12.62577,A000693,A000434,,Zam_20_21,11/01/2020,05/31/2021,85,131,eac77c6f-57ba-43a5-9ed4-692ce86ae7e8,,
Mufulira_farmer,2021-03-02,2021-07-30,9,28.15108,-12.62577,A000693,A000434,,Zam_20_21,11/01/2020,05/31/2021,85,131,eac77c6f-57ba-43a5-9ed4-692ce86ae7e8,,
Mufulira_plot_1,2020-09-02,2021-03-02,7,28.14757,-12.61372,A000793,A000477,,Zam_20_21,11/01/2020,05/31/2021,84,118,9fcd27df-842f-4f81-80f1-e0d404a61afd,,
Mufulira_plot_1,2021-03-02,2021-07-30,7,28.14757,-12.61372,A000793,A000477,,Zam_20_21,11/01/2020,05/31/2021,84,118,9fcd27df-842f-4f81-80f1-e0d404a61afd,,
Mufulira_plot_5,2020-09-02,2021-03-02,8,28.14746,-12.61358,A000407,,,Zam_20_21,11/01/2020,05/31/2021,84,118,f4672a18-15f7-4283-bb82-68df66856cbe,,
Mufulira_plot_5,2021-03-02,2021-07-30,8,28.14746,-12.61358,A000407,,,Zam_20_21,11/01/2020,05/31/2021,84,118,f4672a18-15f7-4283-bb82-68df66856cbe,,
